Workbook

Sheet tipp
A1: https://sports.sportingbet.com/en/sports?wm=4582295&affiliate=ia_com&btag=a_26261b_44427c_14320d_&siteid=26261#leagueIds=5419&sportId=12 | C1: 1 | D1: X | E1: 2 | F1: final | G1: team1 | H1: team2 | I1: letter | J1: szorzó | K1: Csiszi | L1: Viki | M1: Kinga | N1: Tomi | O1: Benő | Q1: Geri | R1: Andris
A2: Ki lesz a bajnok? | K2: Sweden | L2: Finland | M2: Finland | N2: Sweden | O2: United States | Q2: Russia
A3: Ki lesz az ezüstérmes? | K3: Russia | L3: Germany | M3: Sweden | N3: Russia | O3: Canada | Q3: Finland
A4: Ki lesz a bronzérmes? | K4: Canada | L4: Czech Republic | M4: Russia | N4: Canada | O4: Sweden | Q4: Canada
A5: Russia | B5: France | C5: 1.08 | D5: 43409 | E5: 17 | F5: 7:0 | G5: =left(F5,find(":",F5)-1) -> 7 | H5: =right(F5,(len(F5)-find(":",F5))) -> 0 | I5: =if(G5>H5,1,if(H5>G5,2,"x")) -> 1 | J5: =iferror(HLOOKUP(I5,$C$1:$E$100,row(),true),"") -> 1.08 | K5: 4:0 | L5: 5:1 | M5: 3:1 | N5: 3:2 | O5: 4:1 | Q5: 5:1 | R5: 5:2
A6: Sweden | B6: Belarus | C6: 1.17 | D6: 8.5 | E6: 10.5 | F6: 5:0 | G6: =left(F6,find(":",F6)-1) -> 5 | H6: =right(F6,(len(F6)-find(":",F6))) -> 0 | I6: =if(G6>H6,1,if(H6>G6,2,"x")) -> 1 | J6: =iferror(HLOOKUP(I6,$C$1:$E$100,row(),true),"") -> 1.17 | K6: 6:0 | L6: 3:0 | M6: 4:0 | N6: 4:1 | O6: 5:0 | Q6: 2:3 | R6: 3:0
A7: United States | B7: Canada | C7: 4.5 | D7: 5 | E7: 1.55 | F7: 4:4 | G7: =left(F7,find(":",F7)-1) -> 4 | H7: =right(F7,(len(F7)-find(":",F7))) -> 4 | I7: =if(G7>H7,1,if(H7>G7,2,"x")) -> x | J7: =iferror(HLOOKUP(I7,$C$1:$E$100,row(),true),"") -> 5 | K7: 1:3 | L7: 2:4 | M7: 2:3 | N7: 2:1 | O7: 3:3 | Q7: 3:3 | R7: 1:3
A8: Germany | B8: Denmark | C8: 2.3 | D8: 4 | E8: 2.7 | F8: 2:2 | G8: =left(F8,find(":",F8)-1) -> 2 | H8: =right(F8,(len(F8)-find(":",F8))) -> 2 | I8: =if(G8>H8,1,if(H8>G8,2,"x")) -> x | J8: =iferror(HLOOKUP(I8,$C$1:$E$100,row(),true),"") -> 4 | K8: 2:4 | L8: 3:2 | M8: 1:2 | N8: 2:2 | O8: 2:3 | Q8: 2:1 | R8: 2:1
A9: Switzerland | B9: Austria | C9: 1.36 | D9: 6 | E9: 6 | F9: 2:2 | G9: =left(F9,find(":",F9)-1) -> 2 | H9: =right(F9,(len(F9)-find(":",F9))) -> 2 | I9: =if(G9>H9,1,if(H9>G9,2,"x")) -> x | J9: =iferror(HLOOKUP(I9,$C$1:$E$100,row(),true),"") -> 6 | K9: 5:0 | L9: 3:1 | M9: 2:2 | N9: 5:1 | O9: 5:2 | Q9: 3:0 | R9: 3:0
A10: France | B10: Belarus | C10: 2.9 | D10: 4.2 | E10: 2.05 | F10: 6:2 | G10: =left(F10,find(":",F10)-1) -> 6 | H10: =right(F10,(len(F10)-find(":",F10))) -> 2 | I10: =if(G10>H10,1,if(H10>G10,2,"x")) -> 1 | J10: =iferror(HLOOKUP(I10,$C$1:$E$100,row(),true),"") -> 2.9 | K10: 1:1 | L10: 2:4 | M10: 3:1 | N10: 3:4 | O10: 0:2 | Q10: 1:0 | R10: 1:3
A11: Czech Republic | B11: Slovakia | C11: 1.42 | D11: 5.25 | E11: 5.75 | F11: 2:2 | G11: =left(F11,find(":",F11)-1) -> 2 | H11: =right(F11,(len(F11)-find(":",F11))) -> 2 | I11: =if(G11>H11,1,if(H11>G11,2,"x")) -> x | J11: =iferror(HLOOKUP(I11,$C$1:$E$100,row(),true),"") -> 5.25 | K11: 4:2 | L11: 4:1 | M11: 4:1 | N11: 4:2 | O11: 4:1 | Q11: 4:3 | R11: 2:2
A12: Norway | B12: Latvia | C12: 2.25 | D12: 4 | E12: 2.65 | F12: 2:2 | G12: =left(F12,find(":",F12)-1) -> 2 | H12: =right(F12,(len(F12)-find(":",F12))) -> 2 | I12: =if(G12>H12,1,if(H12>G12,2,"x")) -> x | J12: =iferror(HLOOKUP(I12,$C$1:$E$100,row(),true),"") -> 4 | K12: 2:4 | L12: 2:3 | M12: 1:2 | N12: 1:1 | O12: 3:5 | Q12: 4:4 | R12: 2:2
A13: Finland | B13: South Korea | C13: 1.02 | D13: 17 | E13: 36 | F13: 8:1 | G13: =left(F13,find(":",F13)-1) -> 8 | H13: =right(F13,(len(F13)-find(":",F13))) -> 1 | I13: =if(G13>H13,1,if(H13>G13,2,"x")) -> 1 | J13: =iferror(HLOOKUP(I13,$C$1:$E$100,row(),true),"") -> 1.02 | K13: 6:0 | L13: 5:1 | M13: 5:0 | N13: 7:1 | O13: 3:0 | Q13: 7:0 | R13: 6:0
A14: Denmark | B14: United States | C14: 7 | D14: 6.75 | E14: 1.28 | F14: 0:4 | G14: =left(F14,find(":",F14)-1) -> 0 | H14: =right(F14,(len(F14)-find(":",F14))) -> 4 | I14: =if(G14>H14,1,if(H14>G14,2,"x")) -> 2 | J14: =iferror(HLOOKUP(I14,$C$1:$E$100,row(),true),"") -> 1.28 | K14: 1:4 | L14: 2:4 | M14: 2:4 | N14: 0:3 | O14: 2:4 | Q14: 2:5 | R14: 1:4
A15: Austria | B15: Russia | C15: 18 | D15: 14 | E15: 1.05 | F15: 0:7 | G15: =left(F15,find(":",F15)-1) -> 0 | H15: =right(F15,(len(F15)-find(":",F15))) -> 7 | I15: =if(G15>H15,1,if(H15>G15,2,"x")) -> 2 | J15: =iferror(HLOOKUP(I15,$C$1:$E$100,row(),true),"") -> 1.05 | K15: 0:6 | L15: 1:6 | M15: 0:5 | N15: 1:5 | O15: 0:6 | Q15: 0:4 | R15: 1:7
A16: Sweden | B16: Czech Republic | C16: 2.15 | D16: 4.25 | E16: 2.7 | F16: 3:2 | G16: =left(F16,find(":",F16)-1) -> 3 | H16: =right(F16,(len(F16)-find(":",F16))) -> 2 | I16: =if(G16>H16,1,if(H16>G16,2,"x")) -> 1 | J16: =iferror(HLOOKUP(I16,$C$1:$E$100,row(),true),"") -> 2.15 | K16: 4:1 | L16: 2:3 | M16: 4:1 | O16: 3:1
A17: Slovakia | B17: Switzerland | C17: 2.75 | D17: 4.25 | E17: 2.1 | F17: 0:2 | G17: =left(F17,find(":",F17)-1) -> 0 | H17: =right(F17,(len(F17)-find(":",F17))) -> 2 | I17: =if(G17>H17,1,if(H17>G17,2,"x")) -> 2 | J17: =iferror(HLOOKUP(I17,$C$1:$E$100,row(),true),"") -> 2.1 | K17: 2:2 | L17: 2:4 | M17: 3:1 | O17: 1:3 | Q17: 3:2
A18: South Korea | B18: Canada | C18: 35 | D18: 25 | E18: 1.01 | F18: 0:10 | G18: =left(F18,find(":",F18)-1) -> 0 | H18: =right(F18,(len(F18)-find(":",F18))) -> 10 | I18: =if(G18>H18,1,if(H18>G18,2,"x")) -> 2 | J18: =iferror(HLOOKUP(I18,$C$1:$E$100,row(),true),"") -> 1.01 | K18: 0:7 | L18: 1:7 | M18: 0:8 | O18: 1:9
A19: Germany | B19: Norway | C19: 1.9 | D19: 4.4 | E19: 3.1 | F19: 4:4 | G19: =left(F19,find(":",F19)-1) -> 4 | H19: =right(F19,(len(F19)-find(":",F19))) -> 4 | I19: =if(G19>H19,1,if(H19>G19,2,"x")) -> x | J19: =iferror(HLOOKUP(I19,$C$1:$E$100,row(),true),"") -> 4.4 | K19: 2:2 | L19: 4:2 | M19: 2:3 | O19: 3:2
A20: Latvia | B20: Finland | C20: 8.5 | D20: 7 | E20: 1.22 | F20: 1:8 | G20: =left(F20,find(":",F20)-1) -> 1 | H20: =right(F20,(len(F20)-find(":",F20))) -> 8 | I20: =if(G20>H20,1,if(H20>G20,2,"x")) -> 2 | J20: =iferror(HLOOKUP(I20,$C$1:$E$100,row(),true),"") -> 1.22 | K20: 2:4 | L20: 1:4 | M20: 2:5 | O20: 1:3 | Q20: 1:6
A21: Belarus | B21: Russia | C21: 10 | D21: 9 | E21: 1.15 | F21: 0:6 | G21: =left(F21,find(":",F21)-1) -> 0 | H21: =right(F21,(len(F21)-find(":",F21))) -> 6 | I21: =if(G21>H21,1,if(H21>G21,2,"x")) -> 2 | J21: =iferror(HLOOKUP(I21,$C$1:$E$100,row(),true),"") -> 1.15 | K21: 0:5 | L21: 0:8 | M21: 1:6 | N21: 1:7 | O21: 2:6 | Q21: 2:5
A22: Sweden | B22: France | C22: 1.09 | D22: 10.5 | E22: 18 | F22: 4:0 | G22: =left(F22,find(":",F22)-1) -> 4 | H22: =right(F22,(len(F22)-find(":",F22))) -> 0 | I22: =if(G22>H22,1,if(H22>G22,2,"x")) -> 1 | J22: =iferror(HLOOKUP(I22,$C$1:$E$100,row(),true),"") -> 1.09 | K22: 2:2 | L22: 4:2 | M22: 5:2 | N22: 5:0 | O22: 4:0 | Q22: 6:1
A23: United States | B23: Germany | C23: 1.5 | D23: 5 | E23: 4.6 | F23: 3:0 | G23: =left(F23,find(":",F23)-1) -> 3 | H23: =right(F23,(len(F23)-find(":",F23))) -> 0 | I23: =if(G23>H23,1,if(H23>G23,2,"x")) -> 1 | J23: =iferror(HLOOKUP(I23,$C$1:$E$100,row(),true),"") -> 1.5 | K23: 4:1 | L23: 3:2 | M23: 5:2 | N23: 4:1 | O23: 4:2 | Q23: 4:1
A24: Canada | B24: Denmark | C24: 1.11 | D24: 9.5 | E24: 14 | F24: 7:1 | G24: =left(F24,find(":",F24)-1) -> 7 | H24: =right(F24,(len(F24)-find(":",F24))) -> 1 | I24: =if(G24>H24,1,if(H24>G24,2,"x")) -> 1 | J24: =iferror(HLOOKUP(I24,$C$1:$E$100,row(),true),"") -> 1.11 | K24: 5:1 | L24: 7:1 | M24: 5:2 | N24: 6:0 | O24: 5:1 | Q24: 6:0
A25: Austria | B25: Slovakia | C25: 5.75 | D25: 5.75 | E25: 1.36 | F25: 2:4 | G25: =left(F25,find(":",F25)-1) -> 2 | H25: =right(F25,(len(F25)-find(":",F25))) -> 4 | I25: =if(G25>H25,1,if(H25>G25,2,"x")) -> 2 | J25: =iferror(HLOOKUP(I25,$C$1:$E$100,row(),true),"") -> 1.36 | K25: 2:2 | L25: 4:3 | M25: 1:3 | N25: 2:1 | O25: 1:2 | Q25: 2:5
A26: Czech Republic | B26: Switzerland | C26: 1.72 | D26: 4.5 | E26: 3.6 | F26: 4:4 | G26: =left(F26,find(":",F26)-1) -> 4 | H26: =right(F26,(len(F26)-find(":",F26))) -> 4 | I26: =if(G26>H26,1,if(H26>G26,2,"x")) -> x | J26: =iferror(HLOOKUP(I26,$C$1:$E$100,row(),true),"") -> 4.5 | K26: 4:2 | L26: 2:2 | M26: 2:3 | N26: 3:2 | O26: 2:2 | Q26: 3:1
A27: South Korea | B27: Latvia | C27: 5.2 | D27: 5.7 | E27: 1.4 | F27: 0:5 | G27: =left(F27,find(":",F27)-1) -> 0 | H27: =right(F27,(len(F27)-find(":",F27))) -> 5 | I27: =if(G27>H27,1,if(H27>G27,2,"x")) -> 2 | J27: =iferror(HLOOKUP(I27,$C$1:$E$100,row(),true),"") -> 1.4 | K27: 1:5 | L27: 1:4 | M27: 0:3 | N27: 1:4 | O27: 1:3 | Q27: 1:2
A28: Finland | B28: Norway | C28: 1.33 | D28: 6 | E28: 6.25 | F28: 7:0 | G28: =left(F28,find(":",F28)-1) -> 7 | H28: =right(F28,(len(F28)-find(":",F28))) -> 0 | I28: =if(G28>H28,1,if(H28>G28,2,"x")) -> 1 | J28: =iferror(HLOOKUP(I28,$C$1:$E$100,row(),true),"") -> 1.33 | K28: 6:0 | L28: 6:1 | M28: 3:0 | N28: 5:2 | O28: 5:1 | Q28: 5:0
A29: Switzerland | B29: Belarus | C29: 1.7 | D29: 4.5 | E29: 3.7 | F29: 5:2 | G29: =left(F29,find(":",F29)-1) -> 5 | H29: =right(F29,(len(F29)-find(":",F29))) -> 2 | I29: =if(G29>H29,1,if(H29>G29,2,"x")) -> 1 | J29: =iferror(HLOOKUP(I29,$C$1:$E$100,row(),true),"") -> 1.7 | K29: 4:1 | L29: 6:1 | M29: 3:2 | N29: 4:1 | O29: 3:3 | Q29: 2:2
A30: Sweden | B30: Austria | C30: 1.05 | D30: 14 | E30: 18 | F30: 7:0 | G30: =left(F30,find(":",F30)-1) -> 7 | H30: =right(F30,(len(F30)-find(":",F30))) -> 0 | I30: =if(G30>H30,1,if(H30>G30,2,"x")) -> 1 | J30: =iferror(HLOOKUP(I30,$C$1:$E$100,row(),true),"") -> 1.05 | K30: 6:0 | L30: 7:1 | M30: 4:1 | N30: 5:0 | O30: 5:0 | Q30: 4:0
A31: Germany | B31: South Korea | C31: 1.22 | D31: 7 | E31: 8.5 | F31: 6:1 | G31: =left(F31,find(":",F31)-1) -> 6 | H31: =right(F31,(len(F31)-find(":",F31))) -> 1 | I31: =if(G31>H31,1,if(H31>G31,2,"x")) -> 1 | J31: =iferror(HLOOKUP(I31,$C$1:$E$100,row(),true),"") -> 1.22 | K31: 6:0 | L31: 6:0 | M31: 2:0 | N31: 3:0 | O31: 5:1 | Q31: 3:0
A32: Finland | B32: Denmark | C32: 1.33 | D32: 6 | E32: 6 | F32: 2:3 | G32: =left(F32,find(":",F32)-1) -> 2 | H32: =right(F32,(len(F32)-find(":",F32))) -> 3 | I32: =if(G32>H32,1,if(H32>G32,2,"x")) -> 2 | J32: =iferror(HLOOKUP(I32,$C$1:$E$100,row(),true),"") -> 6 | K32: 4:0 | L32: 8:1 | M32: 4:2 | N32: 3:0 | O32: 4:2 | Q32: 4:2
... A45: Denmark | B45: South Korea | C45: 1.2 | D45: 8 | E45: 8.5 | F45: 3:1 | G45: =left(F45,find(":",F45)-1) -> 3 | H45: =right(F45,(len(F45)-find(":",F45))) -> 1 | I45: =if(G45>H45,1,if(H45>G45,2,"x")) -> 1 | J45: =iferror(HLOOKUP(I45,$C$1:$E$100,row(),true),"") -> 1.2 | K45: 4:1 | L45: 5:0 | M45: 4:2 | N45: 4:1 | O45: 6:1 | Q45: 2:1
A46: Canada | B46: Finland | C46: 1.65 | D46: 4.6 | E46: 3.85 | F46: 1:5 | G46: =left(F46,find(":",F46)-1) -> 1 | H46: =right(F46,(len(F46)-find(":",F46))) -> 5 | I46: =if(G46>H46,1,if(H46>G46,2,"x")) -> 2 | J46: =iferror(HLOOKUP(I46,$C$1:$E$100,row(),true),"") -> 3.85 | K46: 3:3 | L46: 2:3 | M46: 3:4 | O46: 4:4 | Q46: 4:4
A47: France | B47: Czech Republic | C47: 7 | D47: 7.2 | E47: 1.25 | F47: 0:6 | G47: =left(F47,find(":",F47)-1) -> 0 | H47: =right(F47,(len(F47)-find(":",F47))) -> 6 | I47: =if(G47>H47,1,if(H47>G47,2,"x")) -> 2 | J47: =iferror(HLOOKUP(I47,$C$1:$E$100,row(),true),"") -> 1.25 | K47: 3:3 | L47: 1:5 | M47: 1:3 | N47: 2:5 | O47: 2:5 | Q47: 2:4
A48: Switzerland | B48: Sweden | C48: 6 | D48: 6.25 | E48: 1.33 | F48: 3:5 | G48: =left(F48,find(":",F48)-1) -> 3 | H48: =right(F48,(len(F48)-find(":",F48))) -> 5 | I48: =if(G48>H48,1,if(H48>G48,2,"x")) -> 2 | J48: =iferror(HLOOKUP(I48,$C$1:$E$100,row(),true),"") -> 1.33 | K48: 3:3 | L48: 3:2 | M48: 1:3 | N48: 2:4 | O48: 1:3 | Q48: 2:4
A49: Norway | B49: United States | C49: 7 | D49: 6.5 | E49: 1.28 | F49: 3:9 | G49: =left(F49,find(":",F49)-1) -> 3 | H49: =right(F49,(len(F49)-find(":",F49))) -> 9 | I49: =if(G49>H49,1,if(H49>G49,2,"x")) -> 2 | J49: =iferror(HLOOKUP(I49,$C$1:$E$100,row(),true),"") -> 1.28 | K49: 3:3 | L49: 2:6 | M49: 0:4 | N49: 1:7 | O49: 1:5 | Q49: 1:6
A50: Germany | B50: Finland | C50: 5 | D50: 5.25 | E50: 1.45 | F50: 2:2 | G50: =left(F50,find(":",F50)-1) -> 2 | H50: =right(F50,(len(F50)-find(":",F50))) -> 2 | I50: =if(G50>H50,1,if(H50>G50,2,"x")) -> x | J50: =iferror(HLOOKUP(I50,$C$1:$E$100,row(),true),"") -> 5.25 | K50: 3:3 | L50: 1:5 | M50: 2:4 | N50: 0:4 | O50: 2:2 | Q50: 1:4
A51: Russia | B51: Slovakia | C51: 1.25 | D51: 7.2 | E51: 7 | F51: 4:0 | G51: =left(F51,find(":",F51)-1) -> 4 | H51: =right(F51,(len(F51)-find(":",F51))) -> 0 | I51: =if(G51>H51,1,if(H51>G51,2,"x")) -> 1 | J51: =iferror(HLOOKUP(I51,$C$1:$E$100,row(),true),"") -> 1.25 | K51: 3:3 | L51: 3:3 | M51: 5:2 | N51: 3:3 | O51: 5:1 | Q51: 2:2
A52: Czech Republic | B52: Austria | C52: 1.13 | D52: 10 | E52: 11 | F52: 4:3 | G52: =left(F52,find(":",F52)-1) -> 4 | H52: =right(F52,(len(F52)-find(":",F52))) -> 3 | I52: =if(G52>H52,1,if(H52>G52,2,"x")) -> 1 | J52: =iferror(HLOOKUP(I52,$C$1:$E$100,row(),true),"") -> 1.13 | K52: 3:3 | L52: 5:2 | M52: 2:2 | N52: 3:2 | O52: 6:2 | Q52: 3:0
A53: South Korea | B53: Norway | C53: 6.5 | D53: 6.5 | E53: 1.3 | F53: 0:3 | G53: =left(F53,find(":",F53)-1) -> 0 | H53: =right(F53,(len(F53)-find(":",F53))) -> 3 | I53: =if(G53>H53,1,if(H53>G53,2,"x")) -> 2 | J53: =iferror(HLOOKUP(I53,$C$1:$E$100,row(),true),"") -> 1.3 | K53: 3:3 | L53: 1:4 | M53: 2:4 | N53: 1:3 | O53: 0:3 | Q53: 1:3
A54: Canada | B54: Latvia | C54: 1.1 | D54: 10 | E54: 14 | F54: 1:1 | G54: =left(F54,find(":",F54)-1) -> 1 | H54: =right(F54,(len(F54)-find(":",F54))) -> 1 | I54: =if(G54>H54,1,if(H54>G54,2,"x")) -> x | J54: =iferror(HLOOKUP(I54,$C$1:$E$100,row(),true),"") -> 10 | K54: 3:3 | L54: 8:1 | M54: 6:0 | N54: 4:2 | O54: 6:0 | Q54: 7:0
A55: Switzerland | B55: France | C55: 1.6 | D55: 4.6 | E55: 4.2 | F55: 5:1 | G55: =left(F55,find(":",F55)-1) -> 5 | H55: =right(F55,(len(F55)-find(":",F55))) -> 1 | I55: =if(G55>H55,1,if(H55>G55,2,"x")) -> 1 | J55: =iferror(HLOOKUP(I55,$C$1:$E$100,row(),true),"") -> 1.6 | K55: 3:3 | L55: 4:1 | M55: 3:1 | N55: 4:3 | O55: 4:1 | Q55: 2:1
A56: Belarus | B56: Slovakia | C56: 3.25 | D56: 4.4 | E56: 1.85 | F56: 4:7 | G56: =left(F56,find(":",F56)-1) -> 4 | H56: =right(F56,(len(F56)-find(":",F56))) -> 7 | I56: =if(G56>H56,1,if(H56>G56,2,"x")) -> 2 | J56: =iferror(HLOOKUP(I56,$C$1:$E$100,row(),true),"") -> 1.85 | K56: 3:3 | L56: 1:6 | M56: 1:3 | N56: 3:2 | O56: 2:5 | Q56: 2:2
A57: Russia | B57: Sweden | C57: 2.4 | D57: 4.25 | E57: 2.4 | F57: 1:3 | G57: =left(F57,find(":",F57)-1) -> 1 | H57: =right(F57,(len(F57)-find(":",F57))) -> 3 | I57: =if(G57>H57,1,if(H57>G57,2,"x")) -> 2 | J57: =iferror(HLOOKUP(I57,$C$1:$E$100,row(),true),"") -> 2.4 | K57: 3:3 | L57: 3:5 | M57: 4:3 | N57: 3:4 | O57: 3:3 | Q57: 5:5
A58: Finland | B58: United States | C58: 2.25 | D58: 4.4 | E58: 2.45 | F58: 6:2 | G58: =left(F58,find(":",F58)-1) -> 6 | H58: =right(F58,(len(F58)-find(":",F58))) -> 2 | I58: =if(G58>H58,1,if(H58>G58,2,"x")) -> 1 | J58: =iferror(HLOOKUP(I58,$C$1:$E$100,row(),true),"") -> 2.25 | K58: 3:3 | L58: 5:4 | M58: 3:3 | N58: 4:4 | O58: 4:4 | Q58: 3:4
... A64: Sweden | B64: Latvia | C64: 1.09 | D64: 11.5 | E64: 19.5 | F64: 3:2 | G64: =left(F64,find(":",F64)-1) -> 3 | H64: =right(F64,(len(F64)-find(":",F64))) -> 2 | I64: =if(G64>H64,1,if(H64>G64,2,"x")) -> 1 | J64: =iferror(HLOOKUP(I64,$C$1:$E$100,row(),true),"") -> 1.09 | K64: 2:2 | L64: 5:1 | M64: 3:0 | N64: 4:0 | O64: 5:1 | Q64: 4:0
A65: Sweden | B65: United States | C65: 2.05 | D65: 4.33 | E65: 2.95 | F65: 6:0 | G65: =left(F65,find(":",F65)-1) -> 6 | H65: =right(F65,(len(F65)-find(":",F65))) -> 0 | I65: =if(G65>H65,1,if(H65>G65,2,"x")) -> 1 | J65: =iferror(HLOOKUP(I65,$C$1:$E$100,row(),true),"") -> 2.05 | K65: 3:3 | L65: 3:4 | M65: 3:2 | N65: 4:2 | O65: 3:3
A66: Canada | B66: Switzerland | C66: 1.42 | D66: 6 | E66: 5.25 | F66: 2:3 | G66: =left(F66,find(":",F66)-1) -> 2 | H66: =right(F66,(len(F66)-find(":",F66))) -> 3 | I66: =if(G66>H66,1,if(H66>G66,2,"x")) -> 2 | J66: =iferror(HLOOKUP(I66,$C$1:$E$100,row(),true),"") -> 5.25 | K66: 2:4 | L66: 4:5 | M66: 3:3 | N66: 2:3 | O66: 5:2
A67: United States | B67: Canada | C67: 2.9 | D67: 4.75 | E67: 1.95 | F67: 4:1 | G67: =left(F67,find(":",F67)-1) -> 4 | H67: =right(F67,(len(F67)-find(":",F67))) -> 1 | I67: =if(G67>H67,1,if(H67>G67,2,"x")) -> 1 | J67: =iferror(HLOOKUP(I67,$C$1:$E$100,row(),true),"") -> 2.9 | K67: 5:3 | L67: 2:3 | M67: 2:4 | N67: 3:4 | O67: 4:4
A68: Sweden | B68: Switzerland | C68: 1.53 | D68: 5 | E68: 4.6 | F68: 2:2 | G68: =left(F68,find(":",F68)-1) -> 2 | H68: =right(F68,(len(F68)-find(":",F68))) -> 2 | I68: =if(G68>H68,1,if(H68>G68,2,"x")) -> x | J68: =iferror(HLOOKUP(I68,$C$1:$E$100,row(),true),"") -> 5 | K68: 3:3 | L68: 2:3 | M68: 3:2 | N68: 4:1 | O68: 4:2
G69: =left(F69,find(":",F69)-1) -> #VALUE! | H69: =right(F69,(len(F69)-find(":",F69))) -> #VALUE! | I69: =if(G69>H69,1,if(H69>G69,2,"x")) -> #VALUE! | J69: =iferror(HLOOKUP(I69,$C$1:$E$100,row(),true),"")
G70: =left(F70,find(":",F70)-1) -> #VALUE! | H70: =right(F70,(len(F70)-find(":",F70))) -> #VALUE! | I70: =if(G70>H70,1,if(H70>G70,2,"x")) -> #VALUE! | J70: =iferror(HLOOKUP(I70,$C$1:$E$100,row(),true),"")
G71: =left(F71,find(":",F71)-1) -> #VALUE! | H71: =right(F71,(len(F71)-find(":",F71))) -> #VALUE! | I71: =if(G71>H71,1,if(H71>G71,2,"x")) -> #VALUE! | J71: =iferror(HLOOKUP(I71,$C$1:$E$100,row(),true),"")
G72: =left(F72,find(":",F72)-1) -> #VALUE! | H72: =right(F72,(len(F72)-find(":",F72))) -> #VALUE! | I72: =if(G72>H72,1,if(H72>G72,2,"x")) -> #VALUE! | J72: =iferror(HLOOKUP(I72,$C$1:$E$100,row(),true),"")
G73: =left(F73,find(":",F73)-1) -> #VALUE! | H73: =right(F73,(len(F73)-find(":",F73))) -> #VALUE! | I73: =if(G73>H73,1,if(H73>G73,2,"x")) -> #VALUE! | J73: =iferror(HLOOKUP(I73,$C$1:$E$100,row(),true),"")
G74: =left(F74,find(":",F74)-1) -> #VALUE! | H74: =right(F74,(len(F74)-find(":",F74))) -> #VALUE! | I74: =if(G74>H74,1,if(H74>G74,2,"x")) -> #VALUE! | J74: =iferror(HLOOKUP(I74,$C$1:$E$100,row(),true),"")
G75: =left(F75,find(":",F75)-1) -> #VALUE! | H75: =right(F75,(len(F75)-find(":",F75))) -> #VALUE! | I75: =if(G75>H75,1,if(H75>G75,2,"x")) -> #VALUE! | J75: =iferror(HLOOKUP(I75,$C$1:$E$100,row(),true),"")
G76: =left(F76,find(":",F76)-1) -> #VALUE! | H76: =right(F76,(len(F76)-find(":",F76))) -> #VALUE! | I76: =if(G76>H76,1,if(H76>G76,2,"x")) -> #VALUE! | J76: =iferror(HLOOKUP(I76,$C$1:$E$100,row(),true),"")
G77: =left(F77,find(":",F77)-1) -> #VALUE! | H77: =right(F77,(len(F77)-find(":",F77))) -> #VALUE! | I77: =if(G77>H77,1,if(H77>G77,2,"x")) -> #VALUE! | J77: =iferror(HLOOKUP(I77,$C$1:$E$100,row(),true),"")
G78: =left(F78,find(":",F78)-1) -> #VALUE! | H78: =right(F78,(len(F78)-find(":",F78))) -> #VALUE! | I78: =if(G78>H78,1,if(H78>G78,2,"x")) -> #VALUE! | J78: =iferror(HLOOKUP(I78,$C$1:$E$100,row(),true),"")
G79: =left(F79,find(":",F79)-1) -> #VALUE! | H79: =right(F79,(len(F79)-find(":",F79))) -> #VALUE! | I79: =if(G79>H79,1,if(H79>G79,2,"x")) -> #VALUE! | J79: =iferror(HLOOKUP(I79,$C$1:$E$100,row(),true),"")
G80: =left(F80,find(":",F80)-1) -> #VALUE! | H80: =right(F80,(len(F80)-find(":",F80))) -> #VALUE! | I80: =if(G80>H80,1,if(H80>G80,2,"x")) -> #VALUE! | J80: =iferror(HLOOKUP(I80,$C$1:$E$100,row(),true),"")
... G90: =left(F90,find(":",F90)-1) -> #VALUE! | H90: =right(F90,(len(F90)-find(":",F90))) -> #VALUE! | I90: =if(G90>H90,1,if(H90>G90,2,"x")) -> #VALUE! | J90: =iferror(HLOOKUP(I90,$C$1:$E$100,row(),true),"")

Sheet állás
A1: Helyezés | B1: Név | C1: Pont
A2: =if(row()-1<=(columns(pont!$A$2:$O$2)-countblank(pont!$A$2:$O$2)),row()-1,"") -> 1 | B2: {=iferror(INDEX(pont!$B$1:$O$1,MATCH(C2,pont!$B$2:$O$2,0)),"")} -> Csiszi | C2: =iferror(large(pont!$B$2:$O$2,A2),"") -> 82.16
A3: =if(row()-1<=(columns(pont!$A$2:$O$2)-countblank(pont!$A$2:$O$2)),row()-1,"") -> 2 | B3: {=iferror(INDEX(pont!$B$1:$O$1,MATCH(C3,pont!$B$2:$O$2,0)),"")} -> Kinga | C3: =iferror(large(pont!$B$2:$O$2,A3),"") -> 81.62
A4: =if(row()-1<=(columns(pont!$A$2:$O$2)-countblank(pont!$A$2:$O$2)),row()-1,"") -> 3 | B4: {=iferror(INDEX(pont!$B$1:$O$1,MATCH(C4,pont!$B$2:$O$2,0)),"")} -> Benő | C4: =iferror(large(pont!$B$2:$O$2,A4),"") -> 79.04
A5: =if(row()-1<=(columns(pont!$A$2:$O$2)-countblank(pont!$A$2:$O$2)),row()-1,"") -> 4 | B5: {=iferror(INDEX(pont!$B$1:$O$1,MATCH(C5,pont!$B$2:$O$2,0)),"")} -> Tomi | C5: =iferror(large(pont!$B$2:$O$2,A5),"") -> 73.08
A6: =if(row()-1<=(columns(pont!$A$2:$O$2)-countblank(pont!$A$2:$O$2)),row()-1,"") -> 5 | B6: {=iferror(INDEX(pont!$B$1:$O$1,MATCH(C6,pont!$B$2:$O$2,0)),"")} -> Viki | C6: =iferror(large(pont!$B$2:$O$2,A6),"") -> 63.73
A7: =if(row()-1<=(columns(pont!$A$2:$O$2)-countblank(pont!$A$2:$O$2)),row()-1,"") -> 6 | B7: {=iferror(INDEX(pont!$B$1:$O$1,MATCH(C7,pont!$B$2:$O$2,0)),"")} -> Geri | C7: =iferror(large(pont!$B$2:$O$2,A7),"") -> 63.02
A8: =if(row()-1<=(columns(pont!$A$2:$O$2)-countblank(pont!$A$2:$O$2)),row()-1,"") -> 7 | B8: {=iferror(INDEX(pont!$B$1:$O$1,MATCH(C8,pont!$B$2:$O$2,0)),"")} -> Andris | C8: =iferror(large(pont!$B$2:$O$2,A8),"") -> 18.85
A9: =if(row()-1<=(columns(pont!$A$2:$O$2)-countblank(pont!$A$2:$O$2)),row()-1,"") | B9: {=iferror(INDEX(pont!$B$1:$O$1,MATCH(C9,pont!$B$2:$O$2,0)),"")} | C9: =iferror(large(pont!$B$2:$O$2,A9),"")
A10: =if(row()-1<=(columns(pont!$A$2:$O$2)-countblank(pont!$A$2:$O$2)),row()-1,"") | B10: {=iferror(INDEX(pont!$B$1:$O$1,MATCH(C10,pont!$B$2:$O$2,0)),"")} | C10: =iferror(large(pont!$B$2:$O$2,A10),"")
A11: =if(row()-1<=(columns(pont!$A$2:$O$2)-countblank(pont!$A$2:$O$2)),row()-1,"") | B11: {=iferror(INDEX(pont!$B$1:$O$1,MATCH(C11,pont!$B$2:$O$2,0)),"")} | C11: =iferror(large(pont!$B$2:$O$2,A11),"")
A12: =if(row()-1<=(columns(pont!$A$2:$O$2)-countblank(pont!$A$2:$O$2)),row()-1,"") | B12: {=iferror(INDEX(pont!$B$1:$O$1,MATCH(C12,pont!$B$2:$O$2,0)),"")} | C12: =iferror(large(pont!$B$2:$O$2,A12),"")
A13: =if(row()-1<=(columns(pont!$A$2:$O$2)-countblank(pont!$A$2:$O$2)),row()-1,"") | B13: {=iferror(INDEX(pont!$B$1:$O$1,MATCH(C13,pont!$B$2:$O$2,0)),"")} | C13: =iferror(large(pont!$B$2:$O$2,A13),"")
... A17: =if(row()-1<=(columns(pont!$A$2:$O$2)-countblank(pont!$A$2:$O$2)),row()-1,"") | B17: {=iferror(INDEX(pont!$B$1:$O$1,MATCH(C17,pont!$B$2:$O$2,0)),"")} | C17: =iferror(large(pont!$B$2:$O$2,A17),"")

Sheet pont
A1: IDE NE ÍRJ SEMMIT! | B1: =if(isblank(tipp!K1),"",tipp!K1) -> Csiszi | C1: =if(isblank(tipp!L1),"",tipp!L1) -> Viki | D1: =if(isblank(tipp!M1),"",tipp!M1) -> Kinga | E1: =if(isblank(tipp!N1),"",tipp!N1) -> Tomi | F1: =if(isblank(tipp!O1),"",tipp!O1) -> Benő | G1: =if(isblank(tipp!P1),"",tipp!P1) | H1: =if(isblank(tipp!Q1),"",tipp!Q1) -> Geri | I1: =if(isblank(tipp!R1),"",tipp!R1) -> Andris | ... M1: =if(isblank(tipp!V1),"",tipp!V1)
B2: =if(B1="","",sum(B3:B83)) -> 82.16 | C2: =if(C1="","",sum(C3:C83)) -> 63.73 | D2: =if(D1="","",sum(D3:D83)) -> 81.62 | E2: =if(E1="","",sum(E3:E83)) -> 73.08 | F2: =if(F1="","",sum(F3:F83)) -> 79.04 | G2: =if(G1="","",sum(G6:G83)) | H2: =if(H1="","",sum(H3:H83)) -> 63.02 | I2: =if(I1="","",sum(I3:I83)) -> 18.85 | J2: =if(J1="","",sum(J3:J83)) | K2: =if(K1="","",sum(K6:K83)) | L2: =if(L1="","",sum(L6:L83)) | M2: =if(M1="","",sum(M6:M83)) | N2: =if(N1="","",sum(N6:N83)) | O2: =if(O1="","",sum(O6:O83))
A3: aranyérmes tipp | B3: =if(B$1<>"",if(tipp!K2=pontozas!$B25,pontozas!$B$5,0)+if(countif(pontozas!$B$25:$D$27,tipp!K2)>0,pontozas!$B$4,0),"") -> 4 | C3: =if(C$1<>"",if(tipp!L2=pontozas!$B25,pontozas!$B$5,0)+if(countif(pontozas!$B$25:$D$27,tipp!L2)>0,pontozas!$B$4,0),"") -> 0 | D3: =if(D$1<>"",if(tipp!M2=pontozas!$B25,pontozas!$B$5,0)+if(countif(pontozas!$B$25:$D$27,tipp!M2)>0,pontozas!$B$4,0),"") -> 0 | E3: =if(E$1<>"",if(tipp!N2=pontozas!$B25,pontozas!$B$5,0)+if(countif(pontozas!$B$25:$D$27,tipp!N2)>0,pontozas!$B$4,0),"") -> 4 | F3: =if(F$1<>"",if(tipp!O2=pontozas!$B25,pontozas!$B$5,0)+if(countif(pontozas!$B$25:$D$27,tipp!O2)>0,pontozas!$B$4,0),"") -> 2 | G3: =if(G$1<>"",if(tipp!P2=pontozas!$B25,pontozas!$B$5,0)+if(countif(pontozas!$B$25:$D$27,tipp!P2)>0,pontozas!$B$4,0),"") | H3: =if(H$1<>"",if(tipp!Q2=pontozas!$B25,pontozas!$B$5,0)+if(countif(pontozas!$B$25:$D$27,tipp!Q2)>0,pontozas!$B$4,0),"") -> 0 | I3: =if(I$1<>"",if(tipp!R2=pontozas!$B25,pontozas!$B$5,0)+if(countif(pontozas!$B$25:$D$27,tipp!R2)>0,pontozas!$B$4,0),"") -> 0 | ... O3: =if(O$1<>"",if(tipp!X2=pontozas!$B25,pontozas!$B$5,0)+if(countif(pontozas!$B$25:$D$27,tipp!X2)>0,pontozas!$B$4,0),"")
A4: ezüstérmes tipp | B4: =if(B$1<>"",if(tipp!K3=pontozas!$B26,pontozas!$B$5,0)+if(countif(pontozas!$B$25:$D$27,tipp!K3)>0,pontozas!$B$4,0),"") -> 0 | C4: =if(C$1<>"",if(tipp!L3=pontozas!$B26,pontozas!$B$5,0)+if(countif(pontozas!$B$25:$D$27,tipp!L3)>0,pontozas!$B$4,0),"") -> 0 | D4: =if(D$1<>"",if(tipp!M3=pontozas!$B26,pontozas!$B$5,0)+if(countif(pontozas!$B$25:$D$27,tipp!M3)>0,pontozas!$B$4,0),"") -> 2 | E4: =if(E$1<>"",if(tipp!N3=pontozas!$B26,pontozas!$B$5,0)+if(countif(pontozas!$B$25:$D$27,tipp!N3)>0,pontozas!$B$4,0),"") -> 0 | F4: =if(F$1<>"",if(tipp!O3=pontozas!$B26,pontozas!$B$5,0)+if(countif(pontozas!$B$25:$D$27,tipp!O3)>0,pontozas!$B$4,0),"") -> 0 | G4: =if(G$1<>"",if(tipp!P3=pontozas!$B26,pontozas!$B$5,0)+if(countif(pontozas!$B$25:$D$27,tipp!P3)>0,pontozas!$B$4,0),"") | H4: =if(H$1<>"",if(tipp!Q3=pontozas!$B26,pontozas!$B$5,0)+if(countif(pontozas!$B$25:$D$27,tipp!Q3)>0,pontozas!$B$4,0),"") -> 0 | I4: =if(I$1<>"",if(tipp!R3=pontozas!$B26,pontozas!$B$5,0)+if(countif(pontozas!$B$25:$D$27,tipp!R3)>0,pontozas!$B$4,0),"") -> 0 | ... O4: =if(O$1<>"",if(tipp!X3=pontozas!$B26,pontozas!$B$5,0)+if(countif(pontozas!$B$25:$D$27,tipp!X3)>0,pontozas!$B$4,0),"")
A5: bronzérmes tipp | B5: =if(B$1<>"",if(tipp!K4=pontozas!$B27,pontozas!$B$5,0)+if(countif(pontozas!$B$25:$D$27,tipp!K4)>0,pontozas!$B$4,0),"") -> 0 | C5: =if(C$1<>"",if(tipp!L4=pontozas!$B27,pontozas!$B$5,0)+if(countif(pontozas!$B$25:$D$27,tipp!L4)>0,pontozas!$B$4,0),"") -> 0 | D5: =if(D$1<>"",if(tipp!M4=pontozas!$B27,pontozas!$B$5,0)+if(countif(pontozas!$B$25:$D$27,tipp!M4)>0,pontozas!$B$4,0),"") -> 0 | E5: =if(E$1<>"",if(tipp!N4=pontozas!$B27,pontozas!$B$5,0)+if(countif(pontozas!$B$25:$D$27,tipp!N4)>0,pontozas!$B$4,0),"") -> 0 | F5: =if(F$1<>"",if(tipp!O4=pontozas!$B27,pontozas!$B$5,0)+if(countif(pontozas!$B$25:$D$27,tipp!O4)>0,pontozas!$B$4,0),"") -> 2 | G5: =if(G$1<>"",if(tipp!P4=pontozas!$B27,pontozas!$B$5,0)+if(countif(pontozas!$B$25:$D$27,tipp!P4)>0,pontozas!$B$4,0),"") | H5: =if(H$1<>"",if(tipp!Q4=pontozas!$B27,pontozas!$B$5,0)+if(countif(pontozas!$B$25:$D$27,tipp!Q4)>0,pontozas!$B$4,0),"") -> 0 | I5: =if(I$1<>"",if(tipp!R4=pontozas!$B27,pontozas!$B$5,0)+if(countif(pontozas!$B$25:$D$27,tipp!R4)>0,pontozas!$B$4,0),"") -> 0 | ... O5: =if(O$1<>"",if(tipp!X4=pontozas!$B27,pontozas!$B$5,0)+if(countif(pontozas!$B$25:$D$27,tipp!X4)>0,pontozas!$B$4,0),"")
A6: =CONCATENATE(tipp!A5&" : "&tipp!B5) -> Russia : France | B6: =if(B$1<>"",iferror(if(if(left(tipp!K5,find(":",tipp!K5)-1)>right(tipp!K5,(len(tipp!K5)-find(":",tipp!K5))),1,if(right(tipp!K5,(len(tipp!K5)-find(":",tipp!K5)))>left(tipp!K5,find(":",tipp!K5)-1),2,"x"))=tipp!$I5,tipp!$J5*pontozas!$B$1)+if(left(tipp!K5,find(":",tipp!K5)-1)-right(tipp!K5,(len(tipp!K5)-find(":",tipp!K5)))=tipp!$G5-tipp!$H5,pontozas!$B$2,0)+if(tipp!K5=tipp!$F5,pontozas!$B$3),""),"") -> 1.08 | C6: =if(C$1<>"",iferror(if(if(left(tipp!L5,find(":",tipp!L5)-1)>right(tipp!L5,(len(tipp!L5)-find(":",tipp!L5))),1,if(right(tipp!L5,(len(tipp!L5)-find(":",tipp!L5)))>left(tipp!L5,find(":",tipp!L5)-1),2,"x"))=tipp!$I5,tipp!$J5*pontozas!$B$1)+if(left(tipp!L5,find(":",tipp!L5)-1)-right(tipp!L5,(len(tipp!L5)-find(":",tipp!L5)))=tipp!$G5-tipp!$H5,pontozas!$B$2,0)+if(tipp!L5=tipp!$F5,pontozas!$B$3),""),"") -> 1.08 | D6: =if(D$1<>"",iferror(if(if(left(tipp!M5,find(":",tipp!M5)-1)>right(tipp!M5,(len(tipp!M5)-find(":",tipp!M5))),1,if(right(tipp!M5,(len(tipp!M5)-find(":",tipp!M5)))>left(tipp!M5,find(":",tipp!M5)-1),2,"x"))=tipp!$I5,tipp!$J5*pontozas!$B$1)+if(left(tipp!M5,find(":",tipp!M5)-1)-right(tipp!M5,(len(tipp!M5)-find(":",tipp!M5)))=tipp!$G5-tipp!$H5,pontozas!$B$2,0)+if(tipp!M5=tipp!$F5,pontozas!$B$3),""),"") -> 1.08 | E6: =if(E$1<>"",iferror(if(if(left(tipp!N5,find(":",tipp!N5)-1)>right(tipp!N5,(len(tipp!N5)-find(":",tipp!N5))),1,if(right(tipp!N5,(len(tipp!N5)-find(":",tipp!N5)))>left(tipp!N5,find(":",tipp!N5)-1),2,"x"))=tipp!$I5,tipp!$J5*pontozas!$B$1)+if(left(tipp!N5,find(":",tipp!N5)-1)-right(tipp!N5,(len(tipp!N5)-find(":",tipp!N5)))=tipp!$G5-tipp!$H5,pontozas!$B$2,0)+if(tipp!N5=tipp!$F5,pontozas!$B$3),""),"") -> 1.08 | F6: =if(F$1<>"",iferror(if(if(left(tipp!O5,find(":",tipp!O5)-1)>right(tipp!O5,(len(tipp!O5)-find(":",tipp!O5))),1,if(right(tipp!O5,(len(tipp!O5)-find(":",tipp!O5)))>left(tipp!O5,find(":",tipp!O5)-1),2,"x"))=tipp!$I5,tipp!$J5*pontozas!$B$1)+if(left(tipp!O5,find(":",tipp!O5)-1)-right(tipp!O5,(len(tipp!O5)-find(":",tipp!O5)))=tipp!$G5-tipp!$H5,pontozas!$B$2,0)+if(tipp!O5=tipp!$F5,pontozas!$B$3),""),"") -> 1.08 | G6: =if(G$1<>"",iferror(if(if(left(tipp!P5,find(":",tipp!P5)-1)>right(tipp!P5,(len(tipp!P5)-find(":",tipp!P5))),1,if(right(tipp!P5,(len(tipp!P5)-find(":",tipp!P5)))>left(tipp!P5,find(":",tipp!P5)-1),2,"x"))=tipp!$I5,tipp!$J5*pontozas!$B$1)+if(left(tipp!P5,find(":",tipp!P5)-1)-right(tipp!P5,(len(tipp!P5)-find(":",tipp!P5)))=tipp!$G5-tipp!$H5,pontozas!$B$2,0)+if(tipp!P5=tipp!$F5,pontozas!$B$3),""),"") | H6: =if(H$1<>"",iferror(if(if(left(tipp!Q5,find(":",tipp!Q5)-1)>right(tipp!Q5,(len(tipp!Q5)-find(":",tipp!Q5))),1,if(right(tipp!Q5,(len(tipp!Q5)-find(":",tipp!Q5)))>left(tipp!Q5,find(":",tipp!Q5)-1),2,"x"))=tipp!$I5,tipp!$J5*pontozas!$B$1)+if(left(tipp!Q5,find(":",tipp!Q5)-1)-right(tipp!Q5,(len(tipp!Q5)-find(":",tipp!Q5)))=tipp!$G5-tipp!$H5,pontozas!$B$2,0)+if(tipp!Q5=tipp!$F5,pontozas!$B$3),""),"") -> 1.08 | I6: =if(I$1<>"",iferror(if(if(left(tipp!R5,find(":",tipp!R5)-1)>right(tipp!R5,(len(tipp!R5)-find(":",tipp!R5))),1,if(right(tipp!R5,(len(tipp!R5)-find(":",tipp!R5)))>left(tipp!R5,find(":",tipp!R5)-1),2,"x"))=tipp!$I5,tipp!$J5*pontozas!$B$1)+if(left(tipp!R5,find(":",tipp!R5)-1)-right(tipp!R5,(len(tipp!R5)-find(":",tipp!R5)))=tipp!$G5-tipp!$H5,pontozas!$B$2,0)+if(tipp!R5=tipp!$F5,pontozas!$B$3),""),"") -> 1.08 | ... O6: =if(O$1<>"",iferror(if(if(left(tipp!X5,find(":",tipp!X5)-1)>right(tipp!X5,(len(tipp!X5)-find(":",tipp!X5))),1,if(right(tipp!X5,(len(tipp!X5)-find(":",tipp!X5)))>left(tipp!X5,find(":",tipp!X5)-1),2,"x"))=tipp!$I5,tipp!$J5*pontozas!$B$1)+if(left(tipp!X5,find(":",tipp!X5)-1)-right(tipp!X5,(len(tipp!X5)-find(":",tipp!X5)))=tipp!$G5-tipp!$H5,pontozas!$B$2,0)+if(tipp!X5=tipp!$F5,pontozas!$B$3),""),"")
A7: =CONCATENATE(tipp!A6&" : "&tipp!B6) -> Sweden : Belarus | B7: =if(B$1<>"",iferror(if(if(left(tipp!K6,find(":",tipp!K6)-1)>right(tipp!K6,(len(tipp!K6)-find(":",tipp!K6))),1,if(right(tipp!K6,(len(tipp!K6)-find(":",tipp!K6)))>left(tipp!K6,find(":",tipp!K6)-1),2,"x"))=tipp!$I6,tipp!$J6*pontozas!$B$1)+if(left(tipp!K6,find(":",tipp!K6)-1)-right(tipp!K6,(len(tipp!K6)-find(":",tipp!K6)))=tipp!$G6-tipp!$H6,pontozas!$B$2,0)+if(tipp!K6=tipp!$F6,pontozas!$B$3),""),"") -> 1.17 | C7: =if(C$1<>"",iferror(if(if(left(tipp!L6,find(":",tipp!L6)-1)>right(tipp!L6,(len(tipp!L6)-find(":",tipp!L6))),1,if(right(tipp!L6,(len(tipp!L6)-find(":",tipp!L6)))>left(tipp!L6,find(":",tipp!L6)-1),2,"x"))=tipp!$I6,tipp!$J6*pontozas!$B$1)+if(left(tipp!L6,find(":",tipp!L6)-1)-right(tipp!L6,(len(tipp!L6)-find(":",tipp!L6)))=tipp!$G6-tipp!$H6,pontozas!$B$2,0)+if(tipp!L6=tipp!$F6,pontozas!$B$3),""),"") -> 1.17 | D7: =if(D$1<>"",iferror(if(if(left(tipp!M6,find(":",tipp!M6)-1)>right(tipp!M6,(len(tipp!M6)-find(":",tipp!M6))),1,if(right(tipp!M6,(len(tipp!M6)-find(":",tipp!M6)))>left(tipp!M6,find(":",tipp!M6)-1),2,"x"))=tipp!$I6,tipp!$J6*pontozas!$B$1)+if(left(tipp!M6,find(":",tipp!M6)-1)-right(tipp!M6,(len(tipp!M6)-find(":",tipp!M6)))=tipp!$G6-tipp!$H6,pontozas!$B$2,0)+if(tipp!M6=tipp!$F6,pontozas!$B$3),""),"") -> 1.17 | E7: =if(E$1<>"",iferror(if(if(left(tipp!N6,find(":",tipp!N6)-1)>right(tipp!N6,(len(tipp!N6)-find(":",tipp!N6))),1,if(right(tipp!N6,(len(tipp!N6)-find(":",tipp!N6)))>left(tipp!N6,find(":",tipp!N6)-1),2,"x"))=tipp!$I6,tipp!$J6*pontozas!$B$1)+if(left(tipp!N6,find(":",tipp!N6)-1)-right(tipp!N6,(len(tipp!N6)-find(":",tipp!N6)))=tipp!$G6-tipp!$H6,pontozas!$B$2,0)+if(tipp!N6=tipp!$F6,pontozas!$B$3),""),"") -> 1.17 | F7: =if(F$1<>"",iferror(if(if(left(tipp!O6,find(":",tipp!O6)-1)>right(tipp!O6,(len(tipp!O6)-find(":",tipp!O6))),1,if(right(tipp!O6,(len(tipp!O6)-find(":",tipp!O6)))>left(tipp!O6,find(":",tipp!O6)-1),2,"x"))=tipp!$I6,tipp!$J6*pontozas!$B$1)+if(left(tipp!O6,find(":",tipp!O6)-1)-right(tipp!O6,(len(tipp!O6)-find(":",tipp!O6)))=tipp!$G6-tipp!$H6,pontozas!$B$2,0)+if(tipp!O6=tipp!$F6,pontozas!$B$3),""),"") -> 3.17 | G7: =if(G$1<>"",iferror(if(if(left(tipp!P6,find(":",tipp!P6)-1)>right(tipp!P6,(len(tipp!P6)-find(":",tipp!P6))),1,if(right(tipp!P6,(len(tipp!P6)-find(":",tipp!P6)))>left(tipp!P6,find(":",tipp!P6)-1),2,"x"))=tipp!$I6,tipp!$J6*pontozas!$B$1)+if(left(tipp!P6,find(":",tipp!P6)-1)-right(tipp!P6,(len(tipp!P6)-find(":",tipp!P6)))=tipp!$G6-tipp!$H6,pontozas!$B$2,0)+if(tipp!P6=tipp!$F6,pontozas!$B$3),""),"") | H7: =if(H$1<>"",iferror(if(if(left(tipp!Q6,find(":",tipp!Q6)-1)>right(tipp!Q6,(len(tipp!Q6)-find(":",tipp!Q6))),1,if(right(tipp!Q6,(len(tipp!Q6)-find(":",tipp!Q6)))>left(tipp!Q6,find(":",tipp!Q6)-1),2,"x"))=tipp!$I6,tipp!$J6*pontozas!$B$1)+if(left(tipp!Q6,find(":",tipp!Q6)-1)-right(tipp!Q6,(len(tipp!Q6)-find(":",tipp!Q6)))=tipp!$G6-tipp!$H6,pontozas!$B$2,0)+if(tipp!Q6=tipp!$F6,pontozas!$B$3),""),"") -> 0 | I7: =if(I$1<>"",iferror(if(if(left(tipp!R6,find(":",tipp!R6)-1)>right(tipp!R6,(len(tipp!R6)-find(":",tipp!R6))),1,if(right(tipp!R6,(len(tipp!R6)-find(":",tipp!R6)))>left(tipp!R6,find(":",tipp!R6)-1),2,"x"))=tipp!$I6,tipp!$J6*pontozas!$B$1)+if(left(tipp!R6,find(":",tipp!R6)-1)-right(tipp!R6,(len(tipp!R6)-find(":",tipp!R6)))=tipp!$G6-tipp!$H6,pontozas!$B$2,0)+if(tipp!R6=tipp!$F6,pontozas!$B$3),""),"") -> 1.17 | ... O7: =if(O$1<>"",iferror(if(if(left(tipp!X6,find(":",tipp!X6)-1)>right(tipp!X6,(len(tipp!X6)-find(":",tipp!X6))),1,if(right(tipp!X6,(len(tipp!X6)-find(":",tipp!X6)))>left(tipp!X6,find(":",tipp!X6)-1),2,"x"))=tipp!$I6,tipp!$J6*pontozas!$B$1)+if(left(tipp!X6,find(":",tipp!X6)-1)-right(tipp!X6,(len(tipp!X6)-find(":",tipp!X6)))=tipp!$G6-tipp!$H6,pontozas!$B$2,0)+if(tipp!X6=tipp!$F6,pontozas!$B$3),""),"")
A8: =CONCATENATE(tipp!A7&" : "&tipp!B7) -> United States : Canada | B8: =if(B$1<>"",iferror(if(if(left(tipp!K7,find(":",tipp!K7)-1)>right(tipp!K7,(len(tipp!K7)-find(":",tipp!K7))),1,if(right(tipp!K7,(len(tipp!K7)-find(":",tipp!K7)))>left(tipp!K7,find(":",tipp!K7)-1),2,"x"))=tipp!$I7,tipp!$J7*pontozas!$B$1)+if(left(tipp!K7,find(":",tipp!K7)-1)-right(tipp!K7,(len(tipp!K7)-find(":",tipp!K7)))=tipp!$G7-tipp!$H7,pontozas!$B$2,0)+if(tipp!K7=tipp!$F7,pontozas!$B$3),""),"") -> 0 | C8: =if(C$1<>"",iferror(if(if(left(tipp!L7,find(":",tipp!L7)-1)>right(tipp!L7,(len(tipp!L7)-find(":",tipp!L7))),1,if(right(tipp!L7,(len(tipp!L7)-find(":",tipp!L7)))>left(tipp!L7,find(":",tipp!L7)-1),2,"x"))=tipp!$I7,tipp!$J7*pontozas!$B$1)+if(left(tipp!L7,find(":",tipp!L7)-1)-right(tipp!L7,(len(tipp!L7)-find(":",tipp!L7)))=tipp!$G7-tipp!$H7,pontozas!$B$2,0)+if(tipp!L7=tipp!$F7,pontozas!$B$3),""),"") -> 0 | D8: =if(D$1<>"",iferror(if(if(left(tipp!M7,find(":",tipp!M7)-1)>right(tipp!M7,(len(tipp!M7)-find(":",tipp!M7))),1,if(right(tipp!M7,(len(tipp!M7)-find(":",tipp!M7)))>left(tipp!M7,find(":",tipp!M7)-1),2,"x"))=tipp!$I7,tipp!$J7*pontozas!$B$1)+if(left(tipp!M7,find(":",tipp!M7)-1)-right(tipp!M7,(len(tipp!M7)-find(":",tipp!M7)))=tipp!$G7-tipp!$H7,pontozas!$B$2,0)+if(tipp!M7=tipp!$F7,pontozas!$B$3),""),"") -> 0 | E8: =if(E$1<>"",iferror(if(if(left(tipp!N7,find(":",tipp!N7)-1)>right(tipp!N7,(len(tipp!N7)-find(":",tipp!N7))),1,if(right(tipp!N7,(len(tipp!N7)-find(":",tipp!N7)))>left(tipp!N7,find(":",tipp!N7)-1),2,"x"))=tipp!$I7,tipp!$J7*pontozas!$B$1)+if(left(tipp!N7,find(":",tipp!N7)-1)-right(tipp!N7,(len(tipp!N7)-find(":",tipp!N7)))=tipp!$G7-tipp!$H7,pontozas!$B$2,0)+if(tipp!N7=tipp!$F7,pontozas!$B$3),""),"") -> 0 | F8: =if(F$1<>"",iferror(if(if(left(tipp!O7,find(":",tipp!O7)-1)>right(tipp!O7,(len(tipp!O7)-find(":",tipp!O7))),1,if(right(tipp!O7,(len(tipp!O7)-find(":",tipp!O7)))>left(tipp!O7,find(":",tipp!O7)-1),2,"x"))=tipp!$I7,tipp!$J7*pontozas!$B$1)+if(left(tipp!O7,find(":",tipp!O7)-1)-right(tipp!O7,(len(tipp!O7)-find(":",tipp!O7)))=tipp!$G7-tipp!$H7,pontozas!$B$2,0)+if(tipp!O7=tipp!$F7,pontozas!$B$3),""),"") -> 6 | G8: =if(G$1<>"",iferror(if(if(left(tipp!P7,find(":",tipp!P7)-1)>right(tipp!P7,(len(tipp!P7)-find(":",tipp!P7))),1,if(right(tipp!P7,(len(tipp!P7)-find(":",tipp!P7)))>left(tipp!P7,find(":",tipp!P7)-1),2,"x"))=tipp!$I7,tipp!$J7*pontozas!$B$1)+if(left(tipp!P7,find(":",tipp!P7)-1)-right(tipp!P7,(len(tipp!P7)-find(":",tipp!P7)))=tipp!$G7-tipp!$H7,pontozas!$B$2,0)+if(tipp!P7=tipp!$F7,pontozas!$B$3),""),"") | H8: =if(H$1<>"",iferror(if(if(left(tipp!Q7,find(":",tipp!Q7)-1)>right(tipp!Q7,(len(tipp!Q7)-find(":",tipp!Q7))),1,if(right(tipp!Q7,(len(tipp!Q7)-find(":",tipp!Q7)))>left(tipp!Q7,find(":",tipp!Q7)-1),2,"x"))=tipp!$I7,tipp!$J7*pontozas!$B$1)+if(left(tipp!Q7,find(":",tipp!Q7)-1)-right(tipp!Q7,(len(tipp!Q7)-find(":",tipp!Q7)))=tipp!$G7-tipp!$H7,pontozas!$B$2,0)+if(tipp!Q7=tipp!$F7,pontozas!$B$3),""),"") -> 6 | I8: =if(I$1<>"",iferror(if(if(left(tipp!R7,find(":",tipp!R7)-1)>right(tipp!R7,(len(tipp!R7)-find(":",tipp!R7))),1,if(right(tipp!R7,(len(tipp!R7)-find(":",tipp!R7)))>left(tipp!R7,find(":",tipp!R7)-1),2,"x"))=tipp!$I7,tipp!$J7*pontozas!$B$1)+if(left(tipp!R7,find(":",tipp!R7)-1)-right(tipp!R7,(len(tipp!R7)-find(":",tipp!R7)))=tipp!$G7-tipp!$H7,pontozas!$B$2,0)+if(tipp!R7=tipp!$F7,pontozas!$B$3),""),"") -> 0 | ... O8: =if(O$1<>"",iferror(if(if(left(tipp!X7,find(":",tipp!X7)-1)>right(tipp!X7,(len(tipp!X7)-find(":",tipp!X7))),1,if(right(tipp!X7,(len(tipp!X7)-find(":",tipp!X7)))>left(tipp!X7,find(":",tipp!X7)-1),2,"x"))=tipp!$I7,tipp!$J7*pontozas!$B$1)+if(left(tipp!X7,find(":",tipp!X7)-1)-right(tipp!X7,(len(tipp!X7)-find(":",tipp!X7)))=tipp!$G7-tipp!$H7,pontozas!$B$2,0)+if(tipp!X7=tipp!$F7,pontozas!$B$3),""),"")
A9: =CONCATENATE(tipp!A8&" : "&tipp!B8) -> Germany : Denmark | B9: =if(B$1<>"",iferror(if(if(left(tipp!K8,find(":",tipp!K8)-1)>right(tipp!K8,(len(tipp!K8)-find(":",tipp!K8))),1,if(right(tipp!K8,(len(tipp!K8)-find(":",tipp!K8)))>left(tipp!K8,find(":",tipp!K8)-1),2,"x"))=tipp!$I8,tipp!$J8*pontozas!$B$1)+if(left(tipp!K8,find(":",tipp!K8)-1)-right(tipp!K8,(len(tipp!K8)-find(":",tipp!K8)))=tipp!$G8-tipp!$H8,pontozas!$B$2,0)+if(tipp!K8=tipp!$F8,pontozas!$B$3),""),"") -> 0 | C9: =if(C$1<>"",iferror(if(if(left(tipp!L8,find(":",tipp!L8)-1)>right(tipp!L8,(len(tipp!L8)-find(":",tipp!L8))),1,if(right(tipp!L8,(len(tipp!L8)-find(":",tipp!L8)))>left(tipp!L8,find(":",tipp!L8)-1),2,"x"))=tipp!$I8,tipp!$J8*pontozas!$B$1)+if(left(tipp!L8,find(":",tipp!L8)-1)-right(tipp!L8,(len(tipp!L8)-find(":",tipp!L8)))=tipp!$G8-tipp!$H8,pontozas!$B$2,0)+if(tipp!L8=tipp!$F8,pontozas!$B$3),""),"") -> 0 | D9: =if(D$1<>"",iferror(if(if(left(tipp!M8,find(":",tipp!M8)-1)>right(tipp!M8,(len(tipp!M8)-find(":",tipp!M8))),1,if(right(tipp!M8,(len(tipp!M8)-find(":",tipp!M8)))>left(tipp!M8,find(":",tipp!M8)-1),2,"x"))=tipp!$I8,tipp!$J8*pontozas!$B$1)+if(left(tipp!M8,find(":",tipp!M8)-1)-right(tipp!M8,(len(tipp!M8)-find(":",tipp!M8)))=tipp!$G8-tipp!$H8,pontozas!$B$2,0)+if(tipp!M8=tipp!$F8,pontozas!$B$3),""),"") -> 0 | E9: =if(E$1<>"",iferror(if(if(left(tipp!N8,find(":",tipp!N8)-1)>right(tipp!N8,(len(tipp!N8)-find(":",tipp!N8))),1,if(right(tipp!N8,(len(tipp!N8)-find(":",tipp!N8)))>left(tipp!N8,find(":",tipp!N8)-1),2,"x"))=tipp!$I8,tipp!$J8*pontozas!$B$1)+if(left(tipp!N8,find(":",tipp!N8)-1)-right(tipp!N8,(len(tipp!N8)-find(":",tipp!N8)))=tipp!$G8-tipp!$H8,pontozas!$B$2,0)+if(tipp!N8=tipp!$F8,pontozas!$B$3),""),"") -> 6 | F9: =if(F$1<>"",iferror(if(if(left(tipp!O8,find(":",tipp!O8)-1)>right(tipp!O8,(len(tipp!O8)-find(":",tipp!O8))),1,if(right(tipp!O8,(len(tipp!O8)-find(":",tipp!O8)))>left(tipp!O8,find(":",tipp!O8)-1),2,"x"))=tipp!$I8,tipp!$J8*pontozas!$B$1)+if(left(tipp!O8,find(":",tipp!O8)-1)-right(tipp!O8,(len(tipp!O8)-find(":",tipp!O8)))=tipp!$G8-tipp!$H8,pontozas!$B$2,0)+if(tipp!O8=tipp!$F8,pontozas!$B$3),""),"") -> 0 | G9: =if(G$1<>"",iferror(if(if(left(tipp!P7,find(":",tipp!P7)-1)>right(tipp!P7,(len(tipp!P7)-find(":",tipp!P7))),1,if(right(tipp!P7,(len(tipp!P7)-find(":",tipp!P7)))>left(tipp!P7,find(":",tipp!P7)-1),2,"x"))=tipp!$I8,tipp!$J8*pontozas!$B$1)+if(left(tipp!P7,find(":",tipp!P7)-1)-right(tipp!P7,(len(tipp!P7)-find(":",tipp!P7)))=tipp!$G8-tipp!$H8,pontozas!$B$2,0)+if(tipp!P7=tipp!$F8,pontozas!$B$3),""),"") | H9: =if(H$1<>"",iferror(if(if(left(tipp!Q8,find(":",tipp!Q8)-1)>right(tipp!Q8,(len(tipp!Q8)-find(":",tipp!Q8))),1,if(right(tipp!Q8,(len(tipp!Q8)-find(":",tipp!Q8)))>left(tipp!Q8,find(":",tipp!Q8)-1),2,"x"))=tipp!$I8,tipp!$J8*pontozas!$B$1)+if(left(tipp!Q8,find(":",tipp!Q8)-1)-right(tipp!Q8,(len(tipp!Q8)-find(":",tipp!Q8)))=tipp!$G8-tipp!$H8,pontozas!$B$2,0)+if(tipp!Q8=tipp!$F8,pontozas!$B$3),""),"") -> 0 | I9: =if(I$1<>"",iferror(if(if(left(tipp!R8,find(":",tipp!R8)-1)>right(tipp!R8,(len(tipp!R8)-find(":",tipp!R8))),1,if(right(tipp!R8,(len(tipp!R8)-find(":",tipp!R8)))>left(tipp!R8,find(":",tipp!R8)-1),2,"x"))=tipp!$I8,tipp!$J8*pontozas!$B$1)+if(left(tipp!R8,find(":",tipp!R8)-1)-right(tipp!R8,(len(tipp!R8)-find(":",tipp!R8)))=tipp!$G8-tipp!$H8,pontozas!$B$2,0)+if(tipp!R8=tipp!$F8,pontozas!$B$3),""),"") -> 0 | J9: =if(J$1<>"",iferror(if(if(left(tipp!S8,find(":",tipp!S8)-1)>right(tipp!S8,(len(tipp!S8)-find(":",tipp!S8))),1,if(right(tipp!S8,(len(tipp!S8)-find(":",tipp!S8)))>left(tipp!S8,find(":",tipp!S8)-1),2,"x"))=tipp!$I8,tipp!$J8*pontozas!$B$1)+if(left(tipp!S8,find(":",tipp!S8)-1)-right(tipp!S8,(len(tipp!S8)-find(":",tipp!S8)))=tipp!$G8-tipp!$H8,pontozas!$B$2,0)+if(tipp!S8=tipp!$F8,pontozas!$B$3),""),"") | K9: =if(K$1<>"",iferror(if(if(left(tipp!T8,find(":",tipp!T8)-1)>right(tipp!T8,(len(tipp!T8)-find(":",tipp!T8))),1,if(right(tipp!T8,(len(tipp!T8)-find(":",tipp!T8)))>left(tipp!T8,find(":",tipp!T8)-1),2,"x"))=tipp!$I8,tipp!$J8*pontozas!$B$1)+if(left(tipp!T8,find(":",tipp!T8)-1)-right(tipp!T8,(len(tipp!T8)-find(":",tipp!T8)))=tipp!$G8-tipp!$H8,pontozas!$B$2,0)+if(tipp!T8=tipp!$F8,pontozas!$B$3),""),"") | L9: =if(L$1<>"",iferror(if(if(left(tipp!U8,find(":",tipp!U8)-1)>right(tipp!U8,(len(tipp!U8)-find(":",tipp!U8))),1,if(right(tipp!U8,(len(tipp!U8)-find(":",tipp!U8)))>left(tipp!U8,find(":",tipp!U8)-1),2,"x"))=tipp!$I8,tipp!$J8*pontozas!$B$1)+if(left(tipp!U8,find(":",tipp!U8)-1)-right(tipp!U8,(len(tipp!U8)-find(":",tipp!U8)))=tipp!$G8-tipp!$H8,pontozas!$B$2,0)+if(tipp!U8=tipp!$F8,pontozas!$B$3),""),"") | M9: =if(M$1<>"",iferror(if(if(left(tipp!V8,find(":",tipp!V8)-1)>right(tipp!V8,(len(tipp!V8)-find(":",tipp!V8))),1,if(right(tipp!V8,(len(tipp!V8)-find(":",tipp!V8)))>left(tipp!V8,find(":",tipp!V8)-1),2,"x"))=tipp!$I8,tipp!$J8*pontozas!$B$1)+if(left(tipp!V8,find(":",tipp!V8)-1)-right(tipp!V8,(len(tipp!V8)-find(":",tipp!V8)))=tipp!$G8-tipp!$H8,pontozas!$B$2,0)+if(tipp!V8=tipp!$F8,pontozas!$B$3),""),"") | N9: =if(N$1<>"",iferror(if(if(left(tipp!W8,find(":",tipp!W8)-1)>right(tipp!W8,(len(tipp!W8)-find(":",tipp!W8))),1,if(right(tipp!W8,(len(tipp!W8)-find(":",tipp!W8)))>left(tipp!W8,find(":",tipp!W8)-1),2,"x"))=tipp!$I8,tipp!$J8*pontozas!$B$1)+if(left(tipp!W8,find(":",tipp!W8)-1)-right(tipp!W8,(len(tipp!W8)-find(":",tipp!W8)))=tipp!$G8-tipp!$H8,pontozas!$B$2,0)+if(tipp!W8=tipp!$F8,pontozas!$B$3),""),"") | O9: =if(O$1<>"",iferror(if(if(left(tipp!X8,find(":",tipp!X8)-1)>right(tipp!X8,(len(tipp!X8)-find(":",tipp!X8))),1,if(right(tipp!X8,(len(tipp!X8)-find(":",tipp!X8)))>left(tipp!X8,find(":",tipp!X8)-1),2,"x"))=tipp!$I8,tipp!$J8*pontozas!$B$1)+if(left(tipp!X8,find(":",tipp!X8)-1)-right(tipp!X8,(len(tipp!X8)-find(":",tipp!X8)))=tipp!$G8-tipp!$H8,pontozas!$B$2,0)+if(tipp!X8=tipp!$F8,pontozas!$B$3),""),"")
A10: =CONCATENATE(tipp!A9&" : "&tipp!B9) -> Switzerland : Austria | B10: =if(B$1<>"",iferror(if(if(left(tipp!K9,find(":",tipp!K9)-1)>right(tipp!K9,(len(tipp!K9)-find(":",tipp!K9))),1,if(right(tipp!K9,(len(tipp!K9)-find(":",tipp!K9)))>left(tipp!K9,find(":",tipp!K9)-1),2,"x"))=tipp!$I9,tipp!$J9*pontozas!$B$1)+if(left(tipp!K9,find(":",tipp!K9)-1)-right(tipp!K9,(len(tipp!K9)-find(":",tipp!K9)))=tipp!$G9-tipp!$H9,pontozas!$B$2,0)+if(tipp!K9=tipp!$F9,pontozas!$B$3),""),"") -> 0 | C10: =if(C$1<>"",iferror(if(if(left(tipp!L9,find(":",tipp!L9)-1)>right(tipp!L9,(len(tipp!L9)-find(":",tipp!L9))),1,if(right(tipp!L9,(len(tipp!L9)-find(":",tipp!L9)))>left(tipp!L9,find(":",tipp!L9)-1),2,"x"))=tipp!$I9,tipp!$J9*pontozas!$B$1)+if(left(tipp!L9,find(":",tipp!L9)-1)-right(tipp!L9,(len(tipp!L9)-find(":",tipp!L9)))=tipp!$G9-tipp!$H9,pontozas!$B$2,0)+if(tipp!L9=tipp!$F9,pontozas!$B$3),""),"") -> 0 | D10: =if(D$1<>"",iferror(if(if(left(tipp!M9,find(":",tipp!M9)-1)>right(tipp!M9,(len(tipp!M9)-find(":",tipp!M9))),1,if(right(tipp!M9,(len(tipp!M9)-find(":",tipp!M9)))>left(tipp!M9,find(":",tipp!M9)-1),2,"x"))=tipp!$I9,tipp!$J9*pontozas!$B$1)+if(left(tipp!M9,find(":",tipp!M9)-1)-right(tipp!M9,(len(tipp!M9)-find(":",tipp!M9)))=tipp!$G9-tipp!$H9,pontozas!$B$2,0)+if(tipp!M9=tipp!$F9,pontozas!$B$3),""),"") -> 8 | E10: =if(E$1<>"",iferror(if(if(left(tipp!N9,find(":",tipp!N9)-1)>right(tipp!N9,(len(tipp!N9)-find(":",tipp!N9))),1,if(right(tipp!N9,(len(tipp!N9)-find(":",tipp!N9)))>left(tipp!N9,find(":",tipp!N9)-1),2,"x"))=tipp!$I9,tipp!$J9*pontozas!$B$1)+if(left(tipp!N9,find(":",tipp!N9)-1)-right(tipp!N9,(len(tipp!N9)-find(":",tipp!N9)))=tipp!$G9-tipp!$H9,pontozas!$B$2,0)+if(tipp!N9=tipp!$F9,pontozas!$B$3),""),"") -> 0 | F10: =if(F$1<>"",iferror(if(if(left(tipp!O9,find(":",tipp!O9)-1)>right(tipp!O9,(len(tipp!O9)-find(":",tipp!O9))),1,if(right(tipp!O9,(len(tipp!O9)-find(":",tipp!O9)))>left(tipp!O9,find(":",tipp!O9)-1),2,"x"))=tipp!$I9,tipp!$J9*pontozas!$B$1)+if(left(tipp!O9,find(":",tipp!O9)-1)-right(tipp!O9,(len(tipp!O9)-find(":",tipp!O9)))=tipp!$G9-tipp!$H9,pontozas!$B$2,0)+if(tipp!O9=tipp!$F9,pontozas!$B$3),""),"") -> 0 | G10: =if(G$1<>"",iferror(if(if(left(tipp!P9,find(":",tipp!P9)-1)>right(tipp!P9,(len(tipp!P9)-find(":",tipp!P9))),1,if(right(tipp!P9,(len(tipp!P9)-find(":",tipp!P9)))>left(tipp!P9,find(":",tipp!P9)-1),2,"x"))=tipp!$I9,tipp!$J9*pontozas!$B$1)+if(left(tipp!P9,find(":",tipp!P9)-1)-right(tipp!P9,(len(tipp!P9)-find(":",tipp!P9)))=tipp!$G9-tipp!$H9,pontozas!$B$2,0)+if(tipp!P9=tipp!$F9,pontozas!$B$3),""),"") | H10: =if(H$1<>"",iferror(if(if(left(tipp!Q9,find(":",tipp!Q9)-1)>right(tipp!Q9,(len(tipp!Q9)-find(":",tipp!Q9))),1,if(right(tipp!Q9,(len(tipp!Q9)-find(":",tipp!Q9)))>left(tipp!Q9,find(":",tipp!Q9)-1),2,"x"))=tipp!$I9,tipp!$J9*pontozas!$B$1)+if(left(tipp!Q9,find(":",tipp!Q9)-1)-right(tipp!Q9,(len(tipp!Q9)-find(":",tipp!Q9)))=tipp!$G9-tipp!$H9,pontozas!$B$2,0)+if(tipp!Q9=tipp!$F9,pontozas!$B$3),""),"") -> 0 | I10: =if(I$1<>"",iferror(if(if(left(tipp!R9,find(":",tipp!R9)-1)>right(tipp!R9,(len(tipp!R9)-find(":",tipp!R9))),1,if(right(tipp!R9,(len(tipp!R9)-find(":",tipp!R9)))>left(tipp!R9,find(":",tipp!R9)-1),2,"x"))=tipp!$I9,tipp!$J9*pontozas!$B$1)+if(left(tipp!R9,find(":",tipp!R9)-1)-right(tipp!R9,(len(tipp!R9)-find(":",tipp!R9)))=tipp!$G9-tipp!$H9,pontozas!$B$2,0)+if(tipp!R9=tipp!$F9,pontozas!$B$3),""),"") -> 0 | ... O10: =if(O$1<>"",iferror(if(if(left(tipp!X9,find(":",tipp!X9)-1)>right(tipp!X9,(len(tipp!X9)-find(":",tipp!X9))),1,if(right(tipp!X9,(len(tipp!X9)-find(":",tipp!X9)))>left(tipp!X9,find(":",tipp!X9)-1),2,"x"))=tipp!$I9,tipp!$J9*pontozas!$B$1)+if(left(tipp!X9,find(":",tipp!X9)-1)-right(tipp!X9,(len(tipp!X9)-find(":",tipp!X9)))=tipp!$G9-tipp!$H9,pontozas!$B$2,0)+if(tipp!X9=tipp!$F9,pontozas!$B$3),""),"")
A11: =CONCATENATE(tipp!A10&" : "&tipp!B10) -> France : Belarus | B11: =if(B$1<>"",iferror(if(if(left(tipp!K10,find(":",tipp!K10)-1)>right(tipp!K10,(len(tipp!K10)-find(":",tipp!K10))),1,if(right(tipp!K10,(len(tipp!K10)-find(":",tipp!K10)))>left(tipp!K10,find(":",tipp!K10)-1),2,"x"))=tipp!$I10,tipp!$J10*pontozas!$B$1)+if(left(tipp!K10,find(":",tipp!K10)-1)-right(tipp!K10,(len(tipp!K10)-find(":",tipp!K10)))=tipp!$G10-tipp!$H10,pontozas!$B$2,0)+if(tipp!K10=tipp!$F10,pontozas!$B$3),""),"") -> 0 | C11: =if(C$1<>"",iferror(if(if(left(tipp!L10,find(":",tipp!L10)-1)>right(tipp!L10,(len(tipp!L10)-find(":",tipp!L10))),1,if(right(tipp!L10,(len(tipp!L10)-find(":",tipp!L10)))>left(tipp!L10,find(":",tipp!L10)-1),2,"x"))=tipp!$I10,tipp!$J10*pontozas!$B$1)+if(left(tipp!L10,find(":",tipp!L10)-1)-right(tipp!L10,(len(tipp!L10)-find(":",tipp!L10)))=tipp!$G10-tipp!$H10,pontozas!$B$2,0)+if(tipp!L10=tipp!$F10,pontozas!$B$3),""),"") -> 0 | D11: =if(D$1<>"",iferror(if(if(left(tipp!M10,find(":",tipp!M10)-1)>right(tipp!M10,(len(tipp!M10)-find(":",tipp!M10))),1,if(right(tipp!M10,(len(tipp!M10)-find(":",tipp!M10)))>left(tipp!M10,find(":",tipp!M10)-1),2,"x"))=tipp!$I10,tipp!$J10*pontozas!$B$1)+if(left(tipp!M10,find(":",tipp!M10)-1)-right(tipp!M10,(len(tipp!M10)-find(":",tipp!M10)))=tipp!$G10-tipp!$H10,pontozas!$B$2,0)+if(tipp!M10=tipp!$F10,pontozas!$B$3),""),"") -> 2.9 | E11: =if(E$1<>"",iferror(if(if(left(tipp!N10,find(":",tipp!N10)-1)>right(tipp!N10,(len(tipp!N10)-find(":",tipp!N10))),1,if(right(tipp!N10,(len(tipp!N10)-find(":",tipp!N10)))>left(tipp!N10,find(":",tipp!N10)-1),2,"x"))=tipp!$I10,tipp!$J10*pontozas!$B$1)+if(left(tipp!N10,find(":",tipp!N10)-1)-right(tipp!N10,(len(tipp!N10)-find(":",tipp!N10)))=tipp!$G10-tipp!$H10,pontozas!$B$2,0)+if(tipp!N10=tipp!$F10,pontozas!$B$3),""),"") -> 0 | F11: =if(F$1<>"",iferror(if(if(left(tipp!O10,find(":",tipp!O10)-1)>right(tipp!O10,(len(tipp!O10)-find(":",tipp!O10))),1,if(right(tipp!O10,(len(tipp!O10)-find(":",tipp!O10)))>left(tipp!O10,find(":",tipp!O10)-1),2,"x"))=tipp!$I10,tipp!$J10*pontozas!$B$1)+if(left(tipp!O10,find(":",tipp!O10)-1)-right(tipp!O10,(len(tipp!O10)-find(":",tipp!O10)))=tipp!$G10-tipp!$H10,pontozas!$B$2,0)+if(tipp!O10=tipp!$F10,pontozas!$B$3),""),"") -> 0 | G11: =if(G$1<>"",iferror(if(if(left(tipp!P10,find(":",tipp!P10)-1)>right(tipp!P10,(len(tipp!P10)-find(":",tipp!P10))),1,if(right(tipp!P10,(len(tipp!P10)-find(":",tipp!P10)))>left(tipp!P10,find(":",tipp!P10)-1),2,"x"))=tipp!$I10,tipp!$J10*pontozas!$B$1)+if(left(tipp!P10,find(":",tipp!P10)-1)-right(tipp!P10,(len(tipp!P10)-find(":",tipp!P10)))=tipp!$G10-tipp!$H10,pontozas!$B$2,0)+if(tipp!P10=tipp!$F10,pontozas!$B$3),""),"") | H11: =if(H$1<>"",iferror(if(if(left(tipp!Q10,find(":",tipp!Q10)-1)>right(tipp!Q10,(len(tipp!Q10)-find(":",tipp!Q10))),1,if(right(tipp!Q10,(len(tipp!Q10)-find(":",tipp!Q10)))>left(tipp!Q10,find(":",tipp!Q10)-1),2,"x"))=tipp!$I10,tipp!$J10*pontozas!$B$1)+if(left(tipp!Q10,find(":",tipp!Q10)-1)-right(tipp!Q10,(len(tipp!Q10)-find(":",tipp!Q10)))=tipp!$G10-tipp!$H10,pontozas!$B$2,0)+if(tipp!Q10=tipp!$F10,pontozas!$B$3),""),"") -> 2.9 | I11: =if(I$1<>"",iferror(if(if(left(tipp!R10,find(":",tipp!R10)-1)>right(tipp!R10,(len(tipp!R10)-find(":",tipp!R10))),1,if(right(tipp!R10,(len(tipp!R10)-find(":",tipp!R10)))>left(tipp!R10,find(":",tipp!R10)-1),2,"x"))=tipp!$I10,tipp!$J10*pontozas!$B$1)+if(left(tipp!R10,find(":",tipp!R10)-1)-right(tipp!R10,(len(tipp!R10)-find(":",tipp!R10)))=tipp!$G10-tipp!$H10,pontozas!$B$2,0)+if(tipp!R10=tipp!$F10,pontozas!$B$3),""),"") -> 0 | ... O11: =if(O$1<>"",iferror(if(if(left(tipp!X10,find(":",tipp!X10)-1)>right(tipp!X10,(len(tipp!X10)-find(":",tipp!X10))),1,if(right(tipp!X10,(len(tipp!X10)-find(":",tipp!X10)))>left(tipp!X10,find(":",tipp!X10)-1),2,"x"))=tipp!$I10,tipp!$J10*pontozas!$B$1)+if(left(tipp!X10,find(":",tipp!X10)-1)-right(tipp!X10,(len(tipp!X10)-find(":",tipp!X10)))=tipp!$G10-tipp!$H10,pontozas!$B$2,0)+if(tipp!X10=tipp!$F10,pontozas!$B$3),""),"")
A12: =CONCATENATE(tipp!A11&" : "&tipp!B11) -> Czech Republic : Slovakia | B12: =if(B$1<>"",iferror(if(if(left(tipp!K11,find(":",tipp!K11)-1)>right(tipp!K11,(len(tipp!K11)-find(":",tipp!K11))),1,if(right(tipp!K11,(len(tipp!K11)-find(":",tipp!K11)))>left(tipp!K11,find(":",tipp!K11)-1),2,"x"))=tipp!$I11,tipp!$J11*pontozas!$B$1)+if(left(tipp!K11,find(":",tipp!K11)-1)-right(tipp!K11,(len(tipp!K11)-find(":",tipp!K11)))=tipp!$G11-tipp!$H11,pontozas!$B$2,0)+if(tipp!K11=tipp!$F11,pontozas!$B$3),""),"") -> 0 | C12: =if(C$1<>"",iferror(if(if(left(tipp!L11,find(":",tipp!L11)-1)>right(tipp!L11,(len(tipp!L11)-find(":",tipp!L11))),1,if(right(tipp!L11,(len(tipp!L11)-find(":",tipp!L11)))>left(tipp!L11,find(":",tipp!L11)-1),2,"x"))=tipp!$I11,tipp!$J11*pontozas!$B$1)+if(left(tipp!L11,find(":",tipp!L11)-1)-right(tipp!L11,(len(tipp!L11)-find(":",tipp!L11)))=tipp!$G11-tipp!$H11,pontozas!$B$2,0)+if(tipp!L11=tipp!$F11,pontozas!$B$3),""),"") -> 0 | D12: =if(D$1<>"",iferror(if(if(left(tipp!M11,find(":",tipp!M11)-1)>right(tipp!M11,(len(tipp!M11)-find(":",tipp!M11))),1,if(right(tipp!M11,(len(tipp!M11)-find(":",tipp!M11)))>left(tipp!M11,find(":",tipp!M11)-1),2,"x"))=tipp!$I11,tipp!$J11*pontozas!$B$1)+if(left(tipp!M11,find(":",tipp!M11)-1)-right(tipp!M11,(len(tipp!M11)-find(":",tipp!M11)))=tipp!$G11-tipp!$H11,pontozas!$B$2,0)+if(tipp!M11=tipp!$F11,pontozas!$B$3),""),"") -> 0 | E12: =if(E$1<>"",iferror(if(if(left(tipp!N11,find(":",tipp!N11)-1)>right(tipp!N11,(len(tipp!N11)-find(":",tipp!N11))),1,if(right(tipp!N11,(len(tipp!N11)-find(":",tipp!N11)))>left(tipp!N11,find(":",tipp!N11)-1),2,"x"))=tipp!$I11,tipp!$J11*pontozas!$B$1)+if(left(tipp!N11,find(":",tipp!N11)-1)-right(tipp!N11,(len(tipp!N11)-find(":",tipp!N11)))=tipp!$G11-tipp!$H11,pontozas!$B$2,0)+if(tipp!N11=tipp!$F11,pontozas!$B$3),""),"") -> 0 | F12: =if(F$1<>"",iferror(if(if(left(tipp!O11,find(":",tipp!O11)-1)>right(tipp!O11,(len(tipp!O11)-find(":",tipp!O11))),1,if(right(tipp!O11,(len(tipp!O11)-find(":",tipp!O11)))>left(tipp!O11,find(":",tipp!O11)-1),2,"x"))=tipp!$I11,tipp!$J11*pontozas!$B$1)+if(left(tipp!O11,find(":",tipp!O11)-1)-right(tipp!O11,(len(tipp!O11)-find(":",tipp!O11)))=tipp!$G11-tipp!$H11,pontozas!$B$2,0)+if(tipp!O11=tipp!$F11,pontozas!$B$3),""),"") -> 0 | G12: =if(G$1<>"",iferror(if(if(left(tipp!P11,find(":",tipp!P11)-1)>right(tipp!P11,(len(tipp!P11)-find(":",tipp!P11))),1,if(right(tipp!P11,(len(tipp!P11)-find(":",tipp!P11)))>left(tipp!P11,find(":",tipp!P11)-1),2,"x"))=tipp!$I11,tipp!$J11*pontozas!$B$1)+if(left(tipp!P11,find(":",tipp!P11)-1)-right(tipp!P11,(len(tipp!P11)-find(":",tipp!P11)))=tipp!$G11-tipp!$H11,pontozas!$B$2,0)+if(tipp!P11=tipp!$F11,pontozas!$B$3),""),"") | H12: =if(H$1<>"",iferror(if(if(left(tipp!Q11,find(":",tipp!Q11)-1)>right(tipp!Q11,(len(tipp!Q11)-find(":",tipp!Q11))),1,if(right(tipp!Q11,(len(tipp!Q11)-find(":",tipp!Q11)))>left(tipp!Q11,find(":",tipp!Q11)-1),2,"x"))=tipp!$I11,tipp!$J11*pontozas!$B$1)+if(left(tipp!Q11,find(":",tipp!Q11)-1)-right(tipp!Q11,(len(tipp!Q11)-find(":",tipp!Q11)))=tipp!$G11-tipp!$H11,pontozas!$B$2,0)+if(tipp!Q11=tipp!$F11,pontozas!$B$3),""),"") -> 0 | I12: =if(I$1<>"",iferror(if(if(left(tipp!R11,find(":",tipp!R11)-1)>right(tipp!R11,(len(tipp!R11)-find(":",tipp!R11))),1,if(right(tipp!R11,(len(tipp!R11)-find(":",tipp!R11)))>left(tipp!R11,find(":",tipp!R11)-1),2,"x"))=tipp!$I11,tipp!$J11*pontozas!$B$1)+if(left(tipp!R11,find(":",tipp!R11)-1)-right(tipp!R11,(len(tipp!R11)-find(":",tipp!R11)))=tipp!$G11-tipp!$H11,pontozas!$B$2,0)+if(tipp!R11=tipp!$F11,pontozas!$B$3),""),"") -> 7.25 | ... O12: =if(O$1<>"",iferror(if(if(left(tipp!X11,find(":",tipp!X11)-1)>right(tipp!X11,(len(tipp!X11)-find(":",tipp!X11))),1,if(right(tipp!X11,(len(tipp!X11)-find(":",tipp!X11)))>left(tipp!X11,find(":",tipp!X11)-1),2,"x"))=tipp!$I11,tipp!$J11*pontozas!$B$1)+if(left(tipp!X11,find(":",tipp!X11)-1)-right(tipp!X11,(len(tipp!X11)-find(":",tipp!X11)))=tipp!$G11-tipp!$H11,pontozas!$B$2,0)+if(tipp!X11=tipp!$F11,pontozas!$B$3),""),"")
A13: =CONCATENATE(tipp!A12&" : "&tipp!B12) -> Norway : Latvia | B13: =if(B$1<>"",iferror(if(if(left(tipp!K12,find(":",tipp!K12)-1)>right(tipp!K12,(len(tipp!K12)-find(":",tipp!K12))),1,if(right(tipp!K12,(len(tipp!K12)-find(":",tipp!K12)))>left(tipp!K12,find(":",tipp!K12)-1),2,"x"))=tipp!$I12,tipp!$J12*pontozas!$B$1)+if(left(tipp!K12,find(":",tipp!K12)-1)-right(tipp!K12,(len(tipp!K12)-find(":",tipp!K12)))=tipp!$G12-tipp!$H12,pontozas!$B$2,0)+if(tipp!K12=tipp!$F12,pontozas!$B$3),""),"") -> 0 | C13: =if(C$1<>"",iferror(if(if(left(tipp!L12,find(":",tipp!L12)-1)>right(tipp!L12,(len(tipp!L12)-find(":",tipp!L12))),1,if(right(tipp!L12,(len(tipp!L12)-find(":",tipp!L12)))>left(tipp!L12,find(":",tipp!L12)-1),2,"x"))=tipp!$I12,tipp!$J12*pontozas!$B$1)+if(left(tipp!L12,find(":",tipp!L12)-1)-right(tipp!L12,(len(tipp!L12)-find(":",tipp!L12)))=tipp!$G12-tipp!$H12,pontozas!$B$2,0)+if(tipp!L12=tipp!$F12,pontozas!$B$3),""),"") -> 0 | D13: =if(D$1<>"",iferror(if(if(left(tipp!M12,find(":",tipp!M12)-1)>right(tipp!M12,(len(tipp!M12)-find(":",tipp!M12))),1,if(right(tipp!M12,(len(tipp!M12)-find(":",tipp!M12)))>left(tipp!M12,find(":",tipp!M12)-1),2,"x"))=tipp!$I12,tipp!$J12*pontozas!$B$1)+if(left(tipp!M12,find(":",tipp!M12)-1)-right(tipp!M12,(len(tipp!M12)-find(":",tipp!M12)))=tipp!$G12-tipp!$H12,pontozas!$B$2,0)+if(tipp!M12=tipp!$F12,pontozas!$B$3),""),"") -> 0 | E13: =if(E$1<>"",iferror(if(if(left(tipp!N12,find(":",tipp!N12)-1)>right(tipp!N12,(len(tipp!N12)-find(":",tipp!N12))),1,if(right(tipp!N12,(len(tipp!N12)-find(":",tipp!N12)))>left(tipp!N12,find(":",tipp!N12)-1),2,"x"))=tipp!$I12,tipp!$J12*pontozas!$B$1)+if(left(tipp!N12,find(":",tipp!N12)-1)-right(tipp!N12,(len(tipp!N12)-find(":",tipp!N12)))=tipp!$G12-tipp!$H12,pontozas!$B$2,0)+if(tipp!N12=tipp!$F12,pontozas!$B$3),""),"") -> 5 | F13: =if(F$1<>"",iferror(if(if(left(tipp!O12,find(":",tipp!O12)-1)>right(tipp!O12,(len(tipp!O12)-find(":",tipp!O12))),1,if(right(tipp!O12,(len(tipp!O12)-find(":",tipp!O12)))>left(tipp!O12,find(":",tipp!O12)-1),2,"x"))=tipp!$I12,tipp!$J12*pontozas!$B$1)+if(left(tipp!O12,find(":",tipp!O12)-1)-right(tipp!O12,(len(tipp!O12)-find(":",tipp!O12)))=tipp!$G12-tipp!$H12,pontozas!$B$2,0)+if(tipp!O12=tipp!$F12,pontozas!$B$3),""),"") -> 0 | G13: =if(G$1<>"",iferror(if(if(left(tipp!P12,find(":",tipp!P12)-1)>right(tipp!P12,(len(tipp!P12)-find(":",tipp!P12))),1,if(right(tipp!P12,(len(tipp!P12)-find(":",tipp!P12)))>left(tipp!P12,find(":",tipp!P12)-1),2,"x"))=tipp!$I12,tipp!$J12*pontozas!$B$1)+if(left(tipp!P12,find(":",tipp!P12)-1)-right(tipp!P12,(len(tipp!P12)-find(":",tipp!P12)))=tipp!$G12-tipp!$H12,pontozas!$B$2,0)+if(tipp!P12=tipp!$F12,pontozas!$B$3),""),"") | H13: =if(H$1<>"",iferror(if(if(left(tipp!Q12,find(":",tipp!Q12)-1)>right(tipp!Q12,(len(tipp!Q12)-find(":",tipp!Q12))),1,if(right(tipp!Q12,(len(tipp!Q12)-find(":",tipp!Q12)))>left(tipp!Q12,find(":",tipp!Q12)-1),2,"x"))=tipp!$I12,tipp!$J12*pontozas!$B$1)+if(left(tipp!Q12,find(":",tipp!Q12)-1)-right(tipp!Q12,(len(tipp!Q12)-find(":",tipp!Q12)))=tipp!$G12-tipp!$H12,pontozas!$B$2,0)+if(tipp!Q12=tipp!$F12,pontozas!$B$3),""),"") -> 5 | I13: =if(I$1<>"",iferror(if(if(left(tipp!R12,find(":",tipp!R12)-1)>right(tipp!R12,(len(tipp!R12)-find(":",tipp!R12))),1,if(right(tipp!R12,(len(tipp!R12)-find(":",tipp!R12)))>left(tipp!R12,find(":",tipp!R12)-1),2,"x"))=tipp!$I12,tipp!$J12*pontozas!$B$1)+if(left(tipp!R12,find(":",tipp!R12)-1)-right(tipp!R12,(len(tipp!R12)-find(":",tipp!R12)))=tipp!$G12-tipp!$H12,pontozas!$B$2,0)+if(tipp!R12=tipp!$F12,pontozas!$B$3),""),"") -> 6 | ... O13: =if(O$1<>"",iferror(if(if(left(tipp!X12,find(":",tipp!X12)-1)>right(tipp!X12,(len(tipp!X12)-find(":",tipp!X12))),1,if(right(tipp!X12,(len(tipp!X12)-find(":",tipp!X12)))>left(tipp!X12,find(":",tipp!X12)-1),2,"x"))=tipp!$I12,tipp!$J12*pontozas!$B$1)+if(left(tipp!X12,find(":",tipp!X12)-1)-right(tipp!X12,(len(tipp!X12)-find(":",tipp!X12)))=tipp!$G12-tipp!$H12,pontozas!$B$2,0)+if(tipp!X12=tipp!$F12,pontozas!$B$3),""),"")
A14: =CONCATENATE(tipp!A13&" : "&tipp!B13) -> Finland : South Korea | B14: =if(B$1<>"",iferror(if(if(left(tipp!K13,find(":",tipp!K13)-1)>right(tipp!K13,(len(tipp!K13)-find(":",tipp!K13))),1,if(right(tipp!K13,(len(tipp!K13)-find(":",tipp!K13)))>left(tipp!K13,find(":",tipp!K13)-1),2,"x"))=tipp!$I13,tipp!$J13*pontozas!$B$1)+if(left(tipp!K13,find(":",tipp!K13)-1)-right(tipp!K13,(len(tipp!K13)-find(":",tipp!K13)))=tipp!$G13-tipp!$H13,pontozas!$B$2,0)+if(tipp!K13=tipp!$F13,pontozas!$B$3),""),"") -> 1.02 | C14: =if(C$1<>"",iferror(if(if(left(tipp!L13,find(":",tipp!L13)-1)>right(tipp!L13,(len(tipp!L13)-find(":",tipp!L13))),1,if(right(tipp!L13,(len(tipp!L13)-find(":",tipp!L13)))>left(tipp!L13,find(":",tipp!L13)-1),2,"x"))=tipp!$I13,tipp!$J13*pontozas!$B$1)+if(left(tipp!L13,find(":",tipp!L13)-1)-right(tipp!L13,(len(tipp!L13)-find(":",tipp!L13)))=tipp!$G13-tipp!$H13,pontozas!$B$2,0)+if(tipp!L13=tipp!$F13,pontozas!$B$3),""),"") -> 1.02 | D14: =if(D$1<>"",iferror(if(if(left(tipp!M13,find(":",tipp!M13)-1)>right(tipp!M13,(len(tipp!M13)-find(":",tipp!M13))),1,if(right(tipp!M13,(len(tipp!M13)-find(":",tipp!M13)))>left(tipp!M13,find(":",tipp!M13)-1),2,"x"))=tipp!$I13,tipp!$J13*pontozas!$B$1)+if(left(tipp!M13,find(":",tipp!M13)-1)-right(tipp!M13,(len(tipp!M13)-find(":",tipp!M13)))=tipp!$G13-tipp!$H13,pontozas!$B$2,0)+if(tipp!M13=tipp!$F13,pontozas!$B$3),""),"") -> 1.02 | E14: =if(E$1<>"",iferror(if(if(left(tipp!N13,find(":",tipp!N13)-1)>right(tipp!N13,(len(tipp!N13)-find(":",tipp!N13))),1,if(right(tipp!N13,(len(tipp!N13)-find(":",tipp!N13)))>left(tipp!N13,find(":",tipp!N13)-1),2,"x"))=tipp!$I13,tipp!$J13*pontozas!$B$1)+if(left(tipp!N13,find(":",tipp!N13)-1)-right(tipp!N13,(len(tipp!N13)-find(":",tipp!N13)))=tipp!$G13-tipp!$H13,pontozas!$B$2,0)+if(tipp!N13=tipp!$F13,pontozas!$B$3),""),"") -> 1.02 | F14: =if(F$1<>"",iferror(if(if(left(tipp!O13,find(":",tipp!O13)-1)>right(tipp!O13,(len(tipp!O13)-find(":",tipp!O13))),1,if(right(tipp!O13,(len(tipp!O13)-find(":",tipp!O13)))>left(tipp!O13,find(":",tipp!O13)-1),2,"x"))=tipp!$I13,tipp!$J13*pontozas!$B$1)+if(left(tipp!O13,find(":",tipp!O13)-1)-right(tipp!O13,(len(tipp!O13)-find(":",tipp!O13)))=tipp!$G13-tipp!$H13,pontozas!$B$2,0)+if(tipp!O13=tipp!$F13,pontozas!$B$3),""),"") -> 1.02 | G14: =if(G$1<>"",iferror(if(if(left(tipp!P13,find(":",tipp!P13)-1)>right(tipp!P13,(len(tipp!P13)-find(":",tipp!P13))),1,if(right(tipp!P13,(len(tipp!P13)-find(":",tipp!P13)))>left(tipp!P13,find(":",tipp!P13)-1),2,"x"))=tipp!$I13,tipp!$J13*pontozas!$B$1)+if(left(tipp!P13,find(":",tipp!P13)-1)-right(tipp!P13,(len(tipp!P13)-find(":",tipp!P13)))=tipp!$G13-tipp!$H13,pontozas!$B$2,0)+if(tipp!P13=tipp!$F13,pontozas!$B$3),""),"") | H14: =if(H$1<>"",iferror(if(if(left(tipp!Q13,find(":",tipp!Q13)-1)>right(tipp!Q13,(len(tipp!Q13)-find(":",tipp!Q13))),1,if(right(tipp!Q13,(len(tipp!Q13)-find(":",tipp!Q13)))>left(tipp!Q13,find(":",tipp!Q13)-1),2,"x"))=tipp!$I13,tipp!$J13*pontozas!$B$1)+if(left(tipp!Q13,find(":",tipp!Q13)-1)-right(tipp!Q13,(len(tipp!Q13)-find(":",tipp!Q13)))=tipp!$G13-tipp!$H13,pontozas!$B$2,0)+if(tipp!Q13=tipp!$F13,pontozas!$B$3),""),"") -> 2.02 | I14: =if(I$1<>"",iferror(if(if(left(tipp!R13,find(":",tipp!R13)-1)>right(tipp!R13,(len(tipp!R13)-find(":",tipp!R13))),1,if(right(tipp!R13,(len(tipp!R13)-find(":",tipp!R13)))>left(tipp!R13,find(":",tipp!R13)-1),2,"x"))=tipp!$I13,tipp!$J13*pontozas!$B$1)+if(left(tipp!R13,find(":",tipp!R13)-1)-right(tipp!R13,(len(tipp!R13)-find(":",tipp!R13)))=tipp!$G13-tipp!$H13,pontozas!$B$2,0)+if(tipp!R13=tipp!$F13,pontozas!$B$3),""),"") -> 1.02 | ... O14: =if(O$1<>"",iferror(if(if(left(tipp!X13,find(":",tipp!X13)-1)>right(tipp!X13,(len(tipp!X13)-find(":",tipp!X13))),1,if(right(tipp!X13,(len(tipp!X13)-find(":",tipp!X13)))>left(tipp!X13,find(":",tipp!X13)-1),2,"x"))=tipp!$I13,tipp!$J13*pontozas!$B$1)+if(left(tipp!X13,find(":",tipp!X13)-1)-right(tipp!X13,(len(tipp!X13)-find(":",tipp!X13)))=tipp!$G13-tipp!$H13,pontozas!$B$2,0)+if(tipp!X13=tipp!$F13,pontozas!$B$3),""),"")
A15: =CONCATENATE(tipp!A14&" : "&tipp!B14) -> Denmark : United States | B15: =if(B$1<>"",iferror(if(if(left(tipp!K14,find(":",tipp!K14)-1)>right(tipp!K14,(len(tipp!K14)-find(":",tipp!K14))),1,if(right(tipp!K14,(len(tipp!K14)-find(":",tipp!K14)))>left(tipp!K14,find(":",tipp!K14)-1),2,"x"))=tipp!$I14,tipp!$J14*pontozas!$B$1)+if(left(tipp!K14,find(":",tipp!K14)-1)-right(tipp!K14,(len(tipp!K14)-find(":",tipp!K14)))=tipp!$G14-tipp!$H14,pontozas!$B$2,0)+if(tipp!K14=tipp!$F14,pontozas!$B$3),""),"") -> 1.28 | C15: =if(C$1<>"",iferror(if(if(left(tipp!L14,find(":",tipp!L14)-1)>right(tipp!L14,(len(tipp!L14)-find(":",tipp!L14))),1,if(right(tipp!L14,(len(tipp!L14)-find(":",tipp!L14)))>left(tipp!L14,find(":",tipp!L14)-1),2,"x"))=tipp!$I14,tipp!$J14*pontozas!$B$1)+if(left(tipp!L14,find(":",tipp!L14)-1)-right(tipp!L14,(len(tipp!L14)-find(":",tipp!L14)))=tipp!$G14-tipp!$H14,pontozas!$B$2,0)+if(tipp!L14=tipp!$F14,pontozas!$B$3),""),"") -> 1.28 | D15: =if(D$1<>"",iferror(if(if(left(tipp!M14,find(":",tipp!M14)-1)>right(tipp!M14,(len(tipp!M14)-find(":",tipp!M14))),1,if(right(tipp!M14,(len(tipp!M14)-find(":",tipp!M14)))>left(tipp!M14,find(":",tipp!M14)-1),2,"x"))=tipp!$I14,tipp!$J14*pontozas!$B$1)+if(left(tipp!M14,find(":",tipp!M14)-1)-right(tipp!M14,(len(tipp!M14)-find(":",tipp!M14)))=tipp!$G14-tipp!$H14,pontozas!$B$2,0)+if(tipp!M14=tipp!$F14,pontozas!$B$3),""),"") -> 1.28 | E15: =if(E$1<>"",iferror(if(if(left(tipp!N14,find(":",tipp!N14)-1)>right(tipp!N14,(len(tipp!N14)-find(":",tipp!N14))),1,if(right(tipp!N14,(len(tipp!N14)-find(":",tipp!N14)))>left(tipp!N14,find(":",tipp!N14)-1),2,"x"))=tipp!$I14,tipp!$J14*pontozas!$B$1)+if(left(tipp!N14,find(":",tipp!N14)-1)-right(tipp!N14,(len(tipp!N14)-find(":",tipp!N14)))=tipp!$G14-tipp!$H14,pontozas!$B$2,0)+if(tipp!N14=tipp!$F14,pontozas!$B$3),""),"") -> 1.28 | F15: =if(F$1<>"",iferror(if(if(left(tipp!O14,find(":",tipp!O14)-1)>right(tipp!O14,(len(tipp!O14)-find(":",tipp!O14))),1,if(right(tipp!O14,(len(tipp!O14)-find(":",tipp!O14)))>left(tipp!O14,find(":",tipp!O14)-1),2,"x"))=tipp!$I14,tipp!$J14*pontozas!$B$1)+if(left(tipp!O14,find(":",tipp!O14)-1)-right(tipp!O14,(len(tipp!O14)-find(":",tipp!O14)))=tipp!$G14-tipp!$H14,pontozas!$B$2,0)+if(tipp!O14=tipp!$F14,pontozas!$B$3),""),"") -> 1.28 | G15: =if(G$1<>"",iferror(if(if(left(tipp!P14,find(":",tipp!P14)-1)>right(tipp!P14,(len(tipp!P14)-find(":",tipp!P14))),1,if(right(tipp!P14,(len(tipp!P14)-find(":",tipp!P14)))>left(tipp!P14,find(":",tipp!P14)-1),2,"x"))=tipp!$I14,tipp!$J14*pontozas!$B$1)+if(left(tipp!P14,find(":",tipp!P14)-1)-right(tipp!P14,(len(tipp!P14)-find(":",tipp!P14)))=tipp!$G14-tipp!$H14,pontozas!$B$2,0)+if(tipp!P14=tipp!$F14,pontozas!$B$3),""),"") | H15: =if(H$1<>"",iferror(if(if(left(tipp!Q14,find(":",tipp!Q14)-1)>right(tipp!Q14,(len(tipp!Q14)-find(":",tipp!Q14))),1,if(right(tipp!Q14,(len(tipp!Q14)-find(":",tipp!Q14)))>left(tipp!Q14,find(":",tipp!Q14)-1),2,"x"))=tipp!$I14,tipp!$J14*pontozas!$B$1)+if(left(tipp!Q14,find(":",tipp!Q14)-1)-right(tipp!Q14,(len(tipp!Q14)-find(":",tipp!Q14)))=tipp!$G14-tipp!$H14,pontozas!$B$2,0)+if(tipp!Q14=tipp!$F14,pontozas!$B$3),""),"") -> 1.28 | I15: =if(I$1<>"",iferror(if(if(left(tipp!R14,find(":",tipp!R14)-1)>right(tipp!R14,(len(tipp!R14)-find(":",tipp!R14))),1,if(right(tipp!R14,(len(tipp!R14)-find(":",tipp!R14)))>left(tipp!R14,find(":",tipp!R14)-1),2,"x"))=tipp!$I14,tipp!$J14*pontozas!$B$1)+if(left(tipp!R14,find(":",tipp!R14)-1)-right(tipp!R14,(len(tipp!R14)-find(":",tipp!R14)))=tipp!$G14-tipp!$H14,pontozas!$B$2,0)+if(tipp!R14=tipp!$F14,pontozas!$B$3),""),"") -> 1.28 | ... O15: =if(O$1<>"",iferror(if(if(left(tipp!X14,find(":",tipp!X14)-1)>right(tipp!X14,(len(tipp!X14)-find(":",tipp!X14))),1,if(right(tipp!X14,(len(tipp!X14)-find(":",tipp!X14)))>left(tipp!X14,find(":",tipp!X14)-1),2,"x"))=tipp!$I14,tipp!$J14*pontozas!$B$1)+if(left(tipp!X14,find(":",tipp!X14)-1)-right(tipp!X14,(len(tipp!X14)-find(":",tipp!X14)))=tipp!$G14-tipp!$H14,pontozas!$B$2,0)+if(tipp!X14=tipp!$F14,pontozas!$B$3),""),"")
A16: =CONCATENATE(tipp!A15&" : "&tipp!B15) -> Austria : Russia | B16: =if(B$1<>"",iferror(if(if(left(tipp!K15,find(":",tipp!K15)-1)>right(tipp!K15,(len(tipp!K15)-find(":",tipp!K15))),1,if(right(tipp!K15,(len(tipp!K15)-find(":",tipp!K15)))>left(tipp!K15,find(":",tipp!K15)-1),2,"x"))=tipp!$I15,tipp!$J15*pontozas!$B$1)+if(left(tipp!K15,find(":",tipp!K15)-1)-right(tipp!K15,(len(tipp!K15)-find(":",tipp!K15)))=tipp!$G15-tipp!$H15,pontozas!$B$2,0)+if(tipp!K15=tipp!$F15,pontozas!$B$3),""),"") -> 1.05 | C16: =if(C$1<>"",iferror(if(if(left(tipp!L15,find(":",tipp!L15)-1)>right(tipp!L15,(len(tipp!L15)-find(":",tipp!L15))),1,if(right(tipp!L15,(len(tipp!L15)-find(":",tipp!L15)))>left(tipp!L15,find(":",tipp!L15)-1),2,"x"))=tipp!$I15,tipp!$J15*pontozas!$B$1)+if(left(tipp!L15,find(":",tipp!L15)-1)-right(tipp!L15,(len(tipp!L15)-find(":",tipp!L15)))=tipp!$G15-tipp!$H15,pontozas!$B$2,0)+if(tipp!L15=tipp!$F15,pontozas!$B$3),""),"") -> 1.05 | D16: =if(D$1<>"",iferror(if(if(left(tipp!M15,find(":",tipp!M15)-1)>right(tipp!M15,(len(tipp!M15)-find(":",tipp!M15))),1,if(right(tipp!M15,(len(tipp!M15)-find(":",tipp!M15)))>left(tipp!M15,find(":",tipp!M15)-1),2,"x"))=tipp!$I15,tipp!$J15*pontozas!$B$1)+if(left(tipp!M15,find(":",tipp!M15)-1)-right(tipp!M15,(len(tipp!M15)-find(":",tipp!M15)))=tipp!$G15-tipp!$H15,pontozas!$B$2,0)+if(tipp!M15=tipp!$F15,pontozas!$B$3),""),"") -> 1.05 | E16: =if(E$1<>"",iferror(if(if(left(tipp!N15,find(":",tipp!N15)-1)>right(tipp!N15,(len(tipp!N15)-find(":",tipp!N15))),1,if(right(tipp!N15,(len(tipp!N15)-find(":",tipp!N15)))>left(tipp!N15,find(":",tipp!N15)-1),2,"x"))=tipp!$I15,tipp!$J15*pontozas!$B$1)+if(left(tipp!N15,find(":",tipp!N15)-1)-right(tipp!N15,(len(tipp!N15)-find(":",tipp!N15)))=tipp!$G15-tipp!$H15,pontozas!$B$2,0)+if(tipp!N15=tipp!$F15,pontozas!$B$3),""),"") -> 1.05 | F16: =if(F$1<>"",iferror(if(if(left(tipp!O15,find(":",tipp!O15)-1)>right(tipp!O15,(len(tipp!O15)-find(":",tipp!O15))),1,if(right(tipp!O15,(len(tipp!O15)-find(":",tipp!O15)))>left(tipp!O15,find(":",tipp!O15)-1),2,"x"))=tipp!$I15,tipp!$J15*pontozas!$B$1)+if(left(tipp!O15,find(":",tipp!O15)-1)-right(tipp!O15,(len(tipp!O15)-find(":",tipp!O15)))=tipp!$G15-tipp!$H15,pontozas!$B$2,0)+if(tipp!O15=tipp!$F15,pontozas!$B$3),""),"") -> 1.05 | G16: =if(G$1<>"",iferror(if(if(left(tipp!P15,find(":",tipp!P15)-1)>right(tipp!P15,(len(tipp!P15)-find(":",tipp!P15))),1,if(right(tipp!P15,(len(tipp!P15)-find(":",tipp!P15)))>left(tipp!P15,find(":",tipp!P15)-1),2,"x"))=tipp!$I15,tipp!$J15*pontozas!$B$1)+if(left(tipp!P15,find(":",tipp!P15)-1)-right(tipp!P15,(len(tipp!P15)-find(":",tipp!P15)))=tipp!$G15-tipp!$H15,pontozas!$B$2,0)+if(tipp!P15=tipp!$F15,pontozas!$B$3),""),"") | H16: =if(H$1<>"",iferror(if(if(left(tipp!Q15,find(":",tipp!Q15)-1)>right(tipp!Q15,(len(tipp!Q15)-find(":",tipp!Q15))),1,if(right(tipp!Q15,(len(tipp!Q15)-find(":",tipp!Q15)))>left(tipp!Q15,find(":",tipp!Q15)-1),2,"x"))=tipp!$I15,tipp!$J15*pontozas!$B$1)+if(left(tipp!Q15,find(":",tipp!Q15)-1)-right(tipp!Q15,(len(tipp!Q15)-find(":",tipp!Q15)))=tipp!$G15-tipp!$H15,pontozas!$B$2,0)+if(tipp!Q15=tipp!$F15,pontozas!$B$3),""),"") -> 1.05 | I16: =if(I$1<>"",iferror(if(if(left(tipp!R15,find(":",tipp!R15)-1)>right(tipp!R15,(len(tipp!R15)-find(":",tipp!R15))),1,if(right(tipp!R15,(len(tipp!R15)-find(":",tipp!R15)))>left(tipp!R15,find(":",tipp!R15)-1),2,"x"))=tipp!$I15,tipp!$J15*pontozas!$B$1)+if(left(tipp!R15,find(":",tipp!R15)-1)-right(tipp!R15,(len(tipp!R15)-find(":",tipp!R15)))=tipp!$G15-tipp!$H15,pontozas!$B$2,0)+if(tipp!R15=tipp!$F15,pontozas!$B$3),""),"") -> 1.05 | ... O16: =if(O$1<>"",iferror(if(if(left(tipp!X15,find(":",tipp!X15)-1)>right(tipp!X15,(len(tipp!X15)-find(":",tipp!X15))),1,if(right(tipp!X15,(len(tipp!X15)-find(":",tipp!X15)))>left(tipp!X15,find(":",tipp!X15)-1),2,"x"))=tipp!$I15,tipp!$J15*pontozas!$B$1)+if(left(tipp!X15,find(":",tipp!X15)-1)-right(tipp!X15,(len(tipp!X15)-find(":",tipp!X15)))=tipp!$G15-tipp!$H15,pontozas!$B$2,0)+if(tipp!X15=tipp!$F15,pontozas!$B$3),""),"")
A17: =CONCATENATE(tipp!A16&" : "&tipp!B16) -> Sweden : Czech Republic | B17: =if(B$1<>"",iferror(if(if(left(tipp!K16,find(":",tipp!K16)-1)>right(tipp!K16,(len(tipp!K16)-find(":",tipp!K16))),1,if(right(tipp!K16,(len(tipp!K16)-find(":",tipp!K16)))>left(tipp!K16,find(":",tipp!K16)-1),2,"x"))=tipp!$I16,tipp!$J16*pontozas!$B$1)+if(left(tipp!K16,find(":",tipp!K16)-1)-right(tipp!K16,(len(tipp!K16)-find(":",tipp!K16)))=tipp!$G16-tipp!$H16,pontozas!$B$2,0)+if(tipp!K16=tipp!$F16,pontozas!$B$3),""),"") -> 2.15 | C17: =if(C$1<>"",iferror(if(if(left(tipp!L16,find(":",tipp!L16)-1)>right(tipp!L16,(len(tipp!L16)-find(":",tipp!L16))),1,if(right(tipp!L16,(len(tipp!L16)-find(":",tipp!L16)))>left(tipp!L16,find(":",tipp!L16)-1),2,"x"))=tipp!$I16,tipp!$J16*pontozas!$B$1)+if(left(tipp!L16,find(":",tipp!L16)-1)-right(tipp!L16,(len(tipp!L16)-find(":",tipp!L16)))=tipp!$G16-tipp!$H16,pontozas!$B$2,0)+if(tipp!L16=tipp!$F16,pontozas!$B$3),""),"") -> 0 | D17: =if(D$1<>"",iferror(if(if(left(tipp!M16,find(":",tipp!M16)-1)>right(tipp!M16,(len(tipp!M16)-find(":",tipp!M16))),1,if(right(tipp!M16,(len(tipp!M16)-find(":",tipp!M16)))>left(tipp!M16,find(":",tipp!M16)-1),2,"x"))=tipp!$I16,tipp!$J16*pontozas!$B$1)+if(left(tipp!M16,find(":",tipp!M16)-1)-right(tipp!M16,(len(tipp!M16)-find(":",tipp!M16)))=tipp!$G16-tipp!$H16,pontozas!$B$2,0)+if(tipp!M16=tipp!$F16,pontozas!$B$3),""),"") -> 2.15 | E17: =if(E$1<>"",iferror(if(if(left(tipp!N16,find(":",tipp!N16)-1)>right(tipp!N16,(len(tipp!N16)-find(":",tipp!N16))),1,if(right(tipp!N16,(len(tipp!N16)-find(":",tipp!N16)))>left(tipp!N16,find(":",tipp!N16)-1),2,"x"))=tipp!$I16,tipp!$J16*pontozas!$B$1)+if(left(tipp!N16,find(":",tipp!N16)-1)-right(tipp!N16,(len(tipp!N16)-find(":",tipp!N16)))=tipp!$G16-tipp!$H16,pontozas!$B$2,0)+if(tipp!N16=tipp!$F16,pontozas!$B$3),""),"") | F17: =if(F$1<>"",iferror(if(if(left(tipp!O16,find(":",tipp!O16)-1)>right(tipp!O16,(len(tipp!O16)-find(":",tipp!O16))),1,if(right(tipp!O16,(len(tipp!O16)-find(":",tipp!O16)))>left(tipp!O16,find(":",tipp!O16)-1),2,"x"))=tipp!$I16,tipp!$J16*pontozas!$B$1)+if(left(tipp!O16,find(":",tipp!O16)-1)-right(tipp!O16,(len(tipp!O16)-find(":",tipp!O16)))=tipp!$G16-tipp!$H16,pontozas!$B$2,0)+if(tipp!O16=tipp!$F16,pontozas!$B$3),""),"") -> 2.15 | G17: =if(G$1<>"",iferror(if(if(left(tipp!P16,find(":",tipp!P16)-1)>right(tipp!P16,(len(tipp!P16)-find(":",tipp!P16))),1,if(right(tipp!P16,(len(tipp!P16)-find(":",tipp!P16)))>left(tipp!P16,find(":",tipp!P16)-1),2,"x"))=tipp!$I16,tipp!$J16*pontozas!$B$1)+if(left(tipp!P16,find(":",tipp!P16)-1)-right(tipp!P16,(len(tipp!P16)-find(":",tipp!P16)))=tipp!$G16-tipp!$H16,pontozas!$B$2,0)+if(tipp!P16=tipp!$F16,pontozas!$B$3),""),"") | H17: =if(H$1<>"",iferror(if(if(left(tipp!Q16,find(":",tipp!Q16)-1)>right(tipp!Q16,(len(tipp!Q16)-find(":",tipp!Q16))),1,if(right(tipp!Q16,(len(tipp!Q16)-find(":",tipp!Q16)))>left(tipp!Q16,find(":",tipp!Q16)-1),2,"x"))=tipp!$I16,tipp!$J16*pontozas!$B$1)+if(left(tipp!Q16,find(":",tipp!Q16)-1)-right(tipp!Q16,(len(tipp!Q16)-find(":",tipp!Q16)))=tipp!$G16-tipp!$H16,pontozas!$B$2,0)+if(tipp!Q16=tipp!$F16,pontozas!$B$3),""),"") | I17: =if(I$1<>"",iferror(if(if(left(tipp!R16,find(":",tipp!R16)-1)>right(tipp!R16,(len(tipp!R16)-find(":",tipp!R16))),1,if(right(tipp!R16,(len(tipp!R16)-find(":",tipp!R16)))>left(tipp!R16,find(":",tipp!R16)-1),2,"x"))=tipp!$I16,tipp!$J16*pontozas!$B$1)+if(left(tipp!R16,find(":",tipp!R16)-1)-right(tipp!R16,(len(tipp!R16)-find(":",tipp!R16)))=tipp!$G16-tipp!$H16,pontozas!$B$2,0)+if(tipp!R16=tipp!$F16,pontozas!$B$3),""),"") | ... O17: =if(O$1<>"",iferror(if(if(left(tipp!X16,find(":",tipp!X16)-1)>right(tipp!X16,(len(tipp!X16)-find(":",tipp!X16))),1,if(right(tipp!X16,(len(tipp!X16)-find(":",tipp!X16)))>left(tipp!X16,find(":",tipp!X16)-1),2,"x"))=tipp!$I16,tipp!$J16*pontozas!$B$1)+if(left(tipp!X16,find(":",tipp!X16)-1)-right(tipp!X16,(len(tipp!X16)-find(":",tipp!X16)))=tipp!$G16-tipp!$H16,pontozas!$B$2,0)+if(tipp!X16=tipp!$F16,pontozas!$B$3),""),"")
A18: =CONCATENATE(tipp!A17&" : "&tipp!B17) -> Slovakia : Switzerland | B18: =if(B$1<>"",iferror(if(if(left(tipp!K17,find(":",tipp!K17)-1)>right(tipp!K17,(len(tipp!K17)-find(":",tipp!K17))),1,if(right(tipp!K17,(len(tipp!K17)-find(":",tipp!K17)))>left(tipp!K17,find(":",tipp!K17)-1),2,"x"))=tipp!$I17,tipp!$J17*pontozas!$B$1)+if(left(tipp!K17,find(":",tipp!K17)-1)-right(tipp!K17,(len(tipp!K17)-find(":",tipp!K17)))=tipp!$G17-tipp!$H17,pontozas!$B$2,0)+if(tipp!K17=tipp!$F17,pontozas!$B$3),""),"") -> 0 | C18: =if(C$1<>"",iferror(if(if(left(tipp!L17,find(":",tipp!L17)-1)>right(tipp!L17,(len(tipp!L17)-find(":",tipp!L17))),1,if(right(tipp!L17,(len(tipp!L17)-find(":",tipp!L17)))>left(tipp!L17,find(":",tipp!L17)-1),2,"x"))=tipp!$I17,tipp!$J17*pontozas!$B$1)+if(left(tipp!L17,find(":",tipp!L17)-1)-right(tipp!L17,(len(tipp!L17)-find(":",tipp!L17)))=tipp!$G17-tipp!$H17,pontozas!$B$2,0)+if(tipp!L17=tipp!$F17,pontozas!$B$3),""),"") -> 3.1 | D18: =if(D$1<>"",iferror(if(if(left(tipp!M17,find(":",tipp!M17)-1)>right(tipp!M17,(len(tipp!M17)-find(":",tipp!M17))),1,if(right(tipp!M17,(len(tipp!M17)-find(":",tipp!M17)))>left(tipp!M17,find(":",tipp!M17)-1),2,"x"))=tipp!$I17,tipp!$J17*pontozas!$B$1)+if(left(tipp!M17,find(":",tipp!M17)-1)-right(tipp!M17,(len(tipp!M17)-find(":",tipp!M17)))=tipp!$G17-tipp!$H17,pontozas!$B$2,0)+if(tipp!M17=tipp!$F17,pontozas!$B$3),""),"") -> 0 | E18: =if(E$1<>"",iferror(if(if(left(tipp!N17,find(":",tipp!N17)-1)>right(tipp!N17,(len(tipp!N17)-find(":",tipp!N17))),1,if(right(tipp!N17,(len(tipp!N17)-find(":",tipp!N17)))>left(tipp!N17,find(":",tipp!N17)-1),2,"x"))=tipp!$I17,tipp!$J17*pontozas!$B$1)+if(left(tipp!N17,find(":",tipp!N17)-1)-right(tipp!N17,(len(tipp!N17)-find(":",tipp!N17)))=tipp!$G17-tipp!$H17,pontozas!$B$2,0)+if(tipp!N17=tipp!$F17,pontozas!$B$3),""),"") | F18: =if(F$1<>"",iferror(if(if(left(tipp!O17,find(":",tipp!O17)-1)>right(tipp!O17,(len(tipp!O17)-find(":",tipp!O17))),1,if(right(tipp!O17,(len(tipp!O17)-find(":",tipp!O17)))>left(tipp!O17,find(":",tipp!O17)-1),2,"x"))=tipp!$I17,tipp!$J17*pontozas!$B$1)+if(left(tipp!O17,find(":",tipp!O17)-1)-right(tipp!O17,(len(tipp!O17)-find(":",tipp!O17)))=tipp!$G17-tipp!$H17,pontozas!$B$2,0)+if(tipp!O17=tipp!$F17,pontozas!$B$3),""),"") -> 3.1 | G18: =if(G$1<>"",iferror(if(if(left(tipp!P17,find(":",tipp!P17)-1)>right(tipp!P17,(len(tipp!P17)-find(":",tipp!P17))),1,if(right(tipp!P17,(len(tipp!P17)-find(":",tipp!P17)))>left(tipp!P17,find(":",tipp!P17)-1),2,"x"))=tipp!$I17,tipp!$J17*pontozas!$B$1)+if(left(tipp!P17,find(":",tipp!P17)-1)-right(tipp!P17,(len(tipp!P17)-find(":",tipp!P17)))=tipp!$G17-tipp!$H17,pontozas!$B$2,0)+if(tipp!P17=tipp!$F17,pontozas!$B$3),""),"") | H18: =if(H$1<>"",iferror(if(if(left(tipp!Q17,find(":",tipp!Q17)-1)>right(tipp!Q17,(len(tipp!Q17)-find(":",tipp!Q17))),1,if(right(tipp!Q17,(len(tipp!Q17)-find(":",tipp!Q17)))>left(tipp!Q17,find(":",tipp!Q17)-1),2,"x"))=tipp!$I17,tipp!$J17*pontozas!$B$1)+if(left(tipp!Q17,find(":",tipp!Q17)-1)-right(tipp!Q17,(len(tipp!Q17)-find(":",tipp!Q17)))=tipp!$G17-tipp!$H17,pontozas!$B$2,0)+if(tipp!Q17=tipp!$F17,pontozas!$B$3),""),"") -> 0 | I18: =if(I$1<>"",iferror(if(if(left(tipp!R17,find(":",tipp!R17)-1)>right(tipp!R17,(len(tipp!R17)-find(":",tipp!R17))),1,if(right(tipp!R17,(len(tipp!R17)-find(":",tipp!R17)))>left(tipp!R17,find(":",tipp!R17)-1),2,"x"))=tipp!$I17,tipp!$J17*pontozas!$B$1)+if(left(tipp!R17,find(":",tipp!R17)-1)-right(tipp!R17,(len(tipp!R17)-find(":",tipp!R17)))=tipp!$G17-tipp!$H17,pontozas!$B$2,0)+if(tipp!R17=tipp!$F17,pontozas!$B$3),""),"") | ... O18: =if(O$1<>"",iferror(if(if(left(tipp!X17,find(":",tipp!X17)-1)>right(tipp!X17,(len(tipp!X17)-find(":",tipp!X17))),1,if(right(tipp!X17,(len(tipp!X17)-find(":",tipp!X17)))>left(tipp!X17,find(":",tipp!X17)-1),2,"x"))=tipp!$I17,tipp!$J17*pontozas!$B$1)+if(left(tipp!X17,find(":",tipp!X17)-1)-right(tipp!X17,(len(tipp!X17)-find(":",tipp!X17)))=tipp!$G17-tipp!$H17,pontozas!$B$2,0)+if(tipp!X17=tipp!$F17,pontozas!$B$3),""),"")
A19: =CONCATENATE(tipp!A18&" : "&tipp!B18) -> South Korea : Canada | B19: =if(B$1<>"",iferror(if(if(left(tipp!K18,find(":",tipp!K18)-1)>right(tipp!K18,(len(tipp!K18)-find(":",tipp!K18))),1,if(right(tipp!K18,(len(tipp!K18)-find(":",tipp!K18)))>left(tipp!K18,find(":",tipp!K18)-1),2,"x"))=tipp!$I18,tipp!$J18*pontozas!$B$1)+if(left(tipp!K18,find(":",tipp!K18)-1)-right(tipp!K18,(len(tipp!K18)-find(":",tipp!K18)))=tipp!$G18-tipp!$H18,pontozas!$B$2,0)+if(tipp!K18=tipp!$F18,pontozas!$B$3),""),"") -> 1.01 | C19: =if(C$1<>"",iferror(if(if(left(tipp!L18,find(":",tipp!L18)-1)>right(tipp!L18,(len(tipp!L18)-find(":",tipp!L18))),1,if(right(tipp!L18,(len(tipp!L18)-find(":",tipp!L18)))>left(tipp!L18,find(":",tipp!L18)-1),2,"x"))=tipp!$I18,tipp!$J18*pontozas!$B$1)+if(left(tipp!L18,find(":",tipp!L18)-1)-right(tipp!L18,(len(tipp!L18)-find(":",tipp!L18)))=tipp!$G18-tipp!$H18,pontozas!$B$2,0)+if(tipp!L18=tipp!$F18,pontozas!$B$3),""),"") -> 1.01 | D19: =if(D$1<>"",iferror(if(if(left(tipp!M18,find(":",tipp!M18)-1)>right(tipp!M18,(len(tipp!M18)-find(":",tipp!M18))),1,if(right(tipp!M18,(len(tipp!M18)-find(":",tipp!M18)))>left(tipp!M18,find(":",tipp!M18)-1),2,"x"))=tipp!$I18,tipp!$J18*pontozas!$B$1)+if(left(tipp!M18,find(":",tipp!M18)-1)-right(tipp!M18,(len(tipp!M18)-find(":",tipp!M18)))=tipp!$G18-tipp!$H18,pontozas!$B$2,0)+if(tipp!M18=tipp!$F18,pontozas!$B$3),""),"") -> 1.01 | E19: =if(E$1<>"",iferror(if(if(left(tipp!N18,find(":",tipp!N18)-1)>right(tipp!N18,(len(tipp!N18)-find(":",tipp!N18))),1,if(right(tipp!N18,(len(tipp!N18)-find(":",tipp!N18)))>left(tipp!N18,find(":",tipp!N18)-1),2,"x"))=tipp!$I18,tipp!$J18*pontozas!$B$1)+if(left(tipp!N18,find(":",tipp!N18)-1)-right(tipp!N18,(len(tipp!N18)-find(":",tipp!N18)))=tipp!$G18-tipp!$H18,pontozas!$B$2,0)+if(tipp!N18=tipp!$F18,pontozas!$B$3),""),"") | F19: =if(F$1<>"",iferror(if(if(left(tipp!O18,find(":",tipp!O18)-1)>right(tipp!O18,(len(tipp!O18)-find(":",tipp!O18))),1,if(right(tipp!O18,(len(tipp!O18)-find(":",tipp!O18)))>left(tipp!O18,find(":",tipp!O18)-1),2,"x"))=tipp!$I18,tipp!$J18*pontozas!$B$1)+if(left(tipp!O18,find(":",tipp!O18)-1)-right(tipp!O18,(len(tipp!O18)-find(":",tipp!O18)))=tipp!$G18-tipp!$H18,pontozas!$B$2,0)+if(tipp!O18=tipp!$F18,pontozas!$B$3),""),"") -> 1.01 | G19: =if(G$1<>"",iferror(if(if(left(tipp!P18,find(":",tipp!P18)-1)>right(tipp!P18,(len(tipp!P18)-find(":",tipp!P18))),1,if(right(tipp!P18,(len(tipp!P18)-find(":",tipp!P18)))>left(tipp!P18,find(":",tipp!P18)-1),2,"x"))=tipp!$I18,tipp!$J18*pontozas!$B$1)+if(left(tipp!P18,find(":",tipp!P18)-1)-right(tipp!P18,(len(tipp!P18)-find(":",tipp!P18)))=tipp!$G18-tipp!$H18,pontozas!$B$2,0)+if(tipp!P18=tipp!$F18,pontozas!$B$3),""),"") | H19: =if(H$1<>"",iferror(if(if(left(tipp!Q18,find(":",tipp!Q18)-1)>right(tipp!Q18,(len(tipp!Q18)-find(":",tipp!Q18))),1,if(right(tipp!Q18,(len(tipp!Q18)-find(":",tipp!Q18)))>left(tipp!Q18,find(":",tipp!Q18)-1),2,"x"))=tipp!$I18,tipp!$J18*pontozas!$B$1)+if(left(tipp!Q18,find(":",tipp!Q18)-1)-right(tipp!Q18,(len(tipp!Q18)-find(":",tipp!Q18)))=tipp!$G18-tipp!$H18,pontozas!$B$2,0)+if(tipp!Q18=tipp!$F18,pontozas!$B$3),""),"") | I19: =if(I$1<>"",iferror(if(if(left(tipp!R18,find(":",tipp!R18)-1)>right(tipp!R18,(len(tipp!R18)-find(":",tipp!R18))),1,if(right(tipp!R18,(len(tipp!R18)-find(":",tipp!R18)))>left(tipp!R18,find(":",tipp!R18)-1),2,"x"))=tipp!$I18,tipp!$J18*pontozas!$B$1)+if(left(tipp!R18,find(":",tipp!R18)-1)-right(tipp!R18,(len(tipp!R18)-find(":",tipp!R18)))=tipp!$G18-tipp!$H18,pontozas!$B$2,0)+if(tipp!R18=tipp!$F18,pontozas!$B$3),""),"") | ... O19: =if(O$1<>"",iferror(if(if(left(tipp!X18,find(":",tipp!X18)-1)>right(tipp!X18,(len(tipp!X18)-find(":",tipp!X18))),1,if(right(tipp!X18,(len(tipp!X18)-find(":",tipp!X18)))>left(tipp!X18,find(":",tipp!X18)-1),2,"x"))=tipp!$I18,tipp!$J18*pontozas!$B$1)+if(left(tipp!X18,find(":",tipp!X18)-1)-right(tipp!X18,(len(tipp!X18)-find(":",tipp!X18)))=tipp!$G18-tipp!$H18,pontozas!$B$2,0)+if(tipp!X18=tipp!$F18,pontozas!$B$3),""),"")
A20: =CONCATENATE(tipp!A19&" : "&tipp!B19) -> Germany : Norway | B20: =if(B$1<>"",iferror(if(if(left(tipp!K19,find(":",tipp!K19)-1)>right(tipp!K19,(len(tipp!K19)-find(":",tipp!K19))),1,if(right(tipp!K19,(len(tipp!K19)-find(":",tipp!K19)))>left(tipp!K19,find(":",tipp!K19)-1),2,"x"))=tipp!$I19,tipp!$J19*pontozas!$B$1)+if(left(tipp!K19,find(":",tipp!K19)-1)-right(tipp!K19,(len(tipp!K19)-find(":",tipp!K19)))=tipp!$G19-tipp!$H19,pontozas!$B$2,0)+if(tipp!K19=tipp!$F19,pontozas!$B$3),""),"") -> 5.4 | C20: =if(C$1<>"",iferror(if(if(left(tipp!L19,find(":",tipp!L19)-1)>right(tipp!L19,(len(tipp!L19)-find(":",tipp!L19))),1,if(right(tipp!L19,(len(tipp!L19)-find(":",tipp!L19)))>left(tipp!L19,find(":",tipp!L19)-1),2,"x"))=tipp!$I19,tipp!$J19*pontozas!$B$1)+if(left(tipp!L19,find(":",tipp!L19)-1)-right(tipp!L19,(len(tipp!L19)-find(":",tipp!L19)))=tipp!$G19-tipp!$H19,pontozas!$B$2,0)+if(tipp!L19=tipp!$F19,pontozas!$B$3),""),"") -> 0 | D20: =if(D$1<>"",iferror(if(if(left(tipp!M19,find(":",tipp!M19)-1)>right(tipp!M19,(len(tipp!M19)-find(":",tipp!M19))),1,if(right(tipp!M19,(len(tipp!M19)-find(":",tipp!M19)))>left(tipp!M19,find(":",tipp!M19)-1),2,"x"))=tipp!$I19,tipp!$J19*pontozas!$B$1)+if(left(tipp!M19,find(":",tipp!M19)-1)-right(tipp!M19,(len(tipp!M19)-find(":",tipp!M19)))=tipp!$G19-tipp!$H19,pontozas!$B$2,0)+if(tipp!M19=tipp!$F19,pontozas!$B$3),""),"") -> 0 | E20: =if(E$1<>"",iferror(if(if(left(tipp!N19,find(":",tipp!N19)-1)>right(tipp!N19,(len(tipp!N19)-find(":",tipp!N19))),1,if(right(tipp!N19,(len(tipp!N19)-find(":",tipp!N19)))>left(tipp!N19,find(":",tipp!N19)-1),2,"x"))=tipp!$I19,tipp!$J19*pontozas!$B$1)+if(left(tipp!N19,find(":",tipp!N19)-1)-right(tipp!N19,(len(tipp!N19)-find(":",tipp!N19)))=tipp!$G19-tipp!$H19,pontozas!$B$2,0)+if(tipp!N19=tipp!$F19,pontozas!$B$3),""),"") | F20: =if(F$1<>"",iferror(if(if(left(tipp!O19,find(":",tipp!O19)-1)>right(tipp!O19,(len(tipp!O19)-find(":",tipp!O19))),1,if(right(tipp!O19,(len(tipp!O19)-find(":",tipp!O19)))>left(tipp!O19,find(":",tipp!O19)-1),2,"x"))=tipp!$I19,tipp!$J19*pontozas!$B$1)+if(left(tipp!O19,find(":",tipp!O19)-1)-right(tipp!O19,(len(tipp!O19)-find(":",tipp!O19)))=tipp!$G19-tipp!$H19,pontozas!$B$2,0)+if(tipp!O19=tipp!$F19,pontozas!$B$3),""),"") -> 0 | G20: =if(G$1<>"",iferror(if(if(left(tipp!P19,find(":",tipp!P19)-1)>right(tipp!P19,(len(tipp!P19)-find(":",tipp!P19))),1,if(right(tipp!P19,(len(tipp!P19)-find(":",tipp!P19)))>left(tipp!P19,find(":",tipp!P19)-1),2,"x"))=tipp!$I19,tipp!$J19*pontozas!$B$1)+if(left(tipp!P19,find(":",tipp!P19)-1)-right(tipp!P19,(len(tipp!P19)-find(":",tipp!P19)))=tipp!$G19-tipp!$H19,pontozas!$B$2,0)+if(tipp!P19=tipp!$F19,pontozas!$B$3),""),"") | H20: =if(H$1<>"",iferror(if(if(left(tipp!Q19,find(":",tipp!Q19)-1)>right(tipp!Q19,(len(tipp!Q19)-find(":",tipp!Q19))),1,if(right(tipp!Q19,(len(tipp!Q19)-find(":",tipp!Q19)))>left(tipp!Q19,find(":",tipp!Q19)-1),2,"x"))=tipp!$I19,tipp!$J19*pontozas!$B$1)+if(left(tipp!Q19,find(":",tipp!Q19)-1)-right(tipp!Q19,(len(tipp!Q19)-find(":",tipp!Q19)))=tipp!$G19-tipp!$H19,pontozas!$B$2,0)+if(tipp!Q19=tipp!$F19,pontozas!$B$3),""),"") | I20: =if(I$1<>"",iferror(if(if(left(tipp!R19,find(":",tipp!R19)-1)>right(tipp!R19,(len(tipp!R19)-find(":",tipp!R19))),1,if(right(tipp!R19,(len(tipp!R19)-find(":",tipp!R19)))>left(tipp!R19,find(":",tipp!R19)-1),2,"x"))=tipp!$I19,tipp!$J19*pontozas!$B$1)+if(left(tipp!R19,find(":",tipp!R19)-1)-right(tipp!R19,(len(tipp!R19)-find(":",tipp!R19)))=tipp!$G19-tipp!$H19,pontozas!$B$2,0)+if(tipp!R19=tipp!$F19,pontozas!$B$3),""),"") | ... O20: =if(O$1<>"",iferror(if(if(left(tipp!X19,find(":",tipp!X19)-1)>right(tipp!X19,(len(tipp!X19)-find(":",tipp!X19))),1,if(right(tipp!X19,(len(tipp!X19)-find(":",tipp!X19)))>left(tipp!X19,find(":",tipp!X19)-1),2,"x"))=tipp!$I19,tipp!$J19*pontozas!$B$1)+if(left(tipp!X19,find(":",tipp!X19)-1)-right(tipp!X19,(len(tipp!X19)-find(":",tipp!X19)))=tipp!$G19-tipp!$H19,pontozas!$B$2,0)+if(tipp!X19=tipp!$F19,pontozas!$B$3),""),"")
A21: =CONCATENATE(tipp!A20&" : "&tipp!B20) -> Latvia : Finland | B21: =if(B$1<>"",iferror(if(if(left(tipp!K20,find(":",tipp!K20)-1)>right(tipp!K20,(len(tipp!K20)-find(":",tipp!K20))),1,if(right(tipp!K20,(len(tipp!K20)-find(":",tipp!K20)))>left(tipp!K20,find(":",tipp!K20)-1),2,"x"))=tipp!$I20,tipp!$J20*pontozas!$B$1)+if(left(tipp!K20,find(":",tipp!K20)-1)-right(tipp!K20,(len(tipp!K20)-find(":",tipp!K20)))=tipp!$G20-tipp!$H20,pontozas!$B$2,0)+if(tipp!K20=tipp!$F20,pontozas!$B$3),""),"") -> 1.22 | C21: =if(C$1<>"",iferror(if(if(left(tipp!L20,find(":",tipp!L20)-1)>right(tipp!L20,(len(tipp!L20)-find(":",tipp!L20))),1,if(right(tipp!L20,(len(tipp!L20)-find(":",tipp!L20)))>left(tipp!L20,find(":",tipp!L20)-1),2,"x"))=tipp!$I20,tipp!$J20*pontozas!$B$1)+if(left(tipp!L20,find(":",tipp!L20)-1)-right(tipp!L20,(len(tipp!L20)-find(":",tipp!L20)))=tipp!$G20-tipp!$H20,pontozas!$B$2,0)+if(tipp!L20=tipp!$F20,pontozas!$B$3),""),"") -> 1.22 | D21: =if(D$1<>"",iferror(if(if(left(tipp!M20,find(":",tipp!M20)-1)>right(tipp!M20,(len(tipp!M20)-find(":",tipp!M20))),1,if(right(tipp!M20,(len(tipp!M20)-find(":",tipp!M20)))>left(tipp!M20,find(":",tipp!M20)-1),2,"x"))=tipp!$I20,tipp!$J20*pontozas!$B$1)+if(left(tipp!M20,find(":",tipp!M20)-1)-right(tipp!M20,(len(tipp!M20)-find(":",tipp!M20)))=tipp!$G20-tipp!$H20,pontozas!$B$2,0)+if(tipp!M20=tipp!$F20,pontozas!$B$3),""),"") -> 1.22 | E21: =if(E$1<>"",iferror(if(if(left(tipp!N20,find(":",tipp!N20)-1)>right(tipp!N20,(len(tipp!N20)-find(":",tipp!N20))),1,if(right(tipp!N20,(len(tipp!N20)-find(":",tipp!N20)))>left(tipp!N20,find(":",tipp!N20)-1),2,"x"))=tipp!$I20,tipp!$J20*pontozas!$B$1)+if(left(tipp!N20,find(":",tipp!N20)-1)-right(tipp!N20,(len(tipp!N20)-find(":",tipp!N20)))=tipp!$G20-tipp!$H20,pontozas!$B$2,0)+if(tipp!N20=tipp!$F20,pontozas!$B$3),""),"") | F21: =if(F$1<>"",iferror(if(if(left(tipp!O20,find(":",tipp!O20)-1)>right(tipp!O20,(len(tipp!O20)-find(":",tipp!O20))),1,if(right(tipp!O20,(len(tipp!O20)-find(":",tipp!O20)))>left(tipp!O20,find(":",tipp!O20)-1),2,"x"))=tipp!$I20,tipp!$J20*pontozas!$B$1)+if(left(tipp!O20,find(":",tipp!O20)-1)-right(tipp!O20,(len(tipp!O20)-find(":",tipp!O20)))=tipp!$G20-tipp!$H20,pontozas!$B$2,0)+if(tipp!O20=tipp!$F20,pontozas!$B$3),""),"") -> 1.22 | G21: =if(G$1<>"",iferror(if(if(left(tipp!P20,find(":",tipp!P20)-1)>right(tipp!P20,(len(tipp!P20)-find(":",tipp!P20))),1,if(right(tipp!P20,(len(tipp!P20)-find(":",tipp!P20)))>left(tipp!P20,find(":",tipp!P20)-1),2,"x"))=tipp!$I20,tipp!$J20*pontozas!$B$1)+if(left(tipp!P20,find(":",tipp!P20)-1)-right(tipp!P20,(len(tipp!P20)-find(":",tipp!P20)))=tipp!$G20-tipp!$H20,pontozas!$B$2,0)+if(tipp!P20=tipp!$F20,pontozas!$B$3),""),"") | H21: =if(H$1<>"",iferror(if(if(left(tipp!Q20,find(":",tipp!Q20)-1)>right(tipp!Q20,(len(tipp!Q20)-find(":",tipp!Q20))),1,if(right(tipp!Q20,(len(tipp!Q20)-find(":",tipp!Q20)))>left(tipp!Q20,find(":",tipp!Q20)-1),2,"x"))=tipp!$I20,tipp!$J20*pontozas!$B$1)+if(left(tipp!Q20,find(":",tipp!Q20)-1)-right(tipp!Q20,(len(tipp!Q20)-find(":",tipp!Q20)))=tipp!$G20-tipp!$H20,pontozas!$B$2,0)+if(tipp!Q20=tipp!$F20,pontozas!$B$3),""),"") -> 1.22 | I21: =if(I$1<>"",iferror(if(if(left(tipp!R20,find(":",tipp!R20)-1)>right(tipp!R20,(len(tipp!R20)-find(":",tipp!R20))),1,if(right(tipp!R20,(len(tipp!R20)-find(":",tipp!R20)))>left(tipp!R20,find(":",tipp!R20)-1),2,"x"))=tipp!$I20,tipp!$J20*pontozas!$B$1)+if(left(tipp!R20,find(":",tipp!R20)-1)-right(tipp!R20,(len(tipp!R20)-find(":",tipp!R20)))=tipp!$G20-tipp!$H20,pontozas!$B$2,0)+if(tipp!R20=tipp!$F20,pontozas!$B$3),""),"") | ... O21: =if(O$1<>"",iferror(if(if(left(tipp!X20,find(":",tipp!X20)-1)>right(tipp!X20,(len(tipp!X20)-find(":",tipp!X20))),1,if(right(tipp!X20,(len(tipp!X20)-find(":",tipp!X20)))>left(tipp!X20,find(":",tipp!X20)-1),2,"x"))=tipp!$I20,tipp!$J20*pontozas!$B$1)+if(left(tipp!X20,find(":",tipp!X20)-1)-right(tipp!X20,(len(tipp!X20)-find(":",tipp!X20)))=tipp!$G20-tipp!$H20,pontozas!$B$2,0)+if(tipp!X20=tipp!$F20,pontozas!$B$3),""),"")
... A74: =CONCATENATE(tipp!A73&" : "&tipp!B73) -> : | B74: =if(B$1<>"",iferror(if(if(left(tipp!K73,find(":",tipp!K73)-1)>right(tipp!K73,(len(tipp!K73)-find(":",tipp!K73))),1,if(right(tipp!K73,(len(tipp!K73)-find(":",tipp!K73)))>left(tipp!K73,find(":",tipp!K73)-1),2,"x"))=tipp!$I73,tipp!$J73*pontozas!$B$1)+if(left(tipp!K73,find(":",tipp!K73)-1)-right(tipp!K73,(len(tipp!K73)-find(":",tipp!K73)))=tipp!$G73-tipp!$H73,pontozas!$B$2,0)+if(tipp!K73=tipp!$F73,pontozas!$B$3),""),"") | C74: =if(C$1<>"",iferror(if(if(left(tipp!L73,find(":",tipp!L73)-1)>right(tipp!L73,(len(tipp!L73)-find(":",tipp!L73))),1,if(right(tipp!L73,(len(tipp!L73)-find(":",tipp!L73)))>left(tipp!L73,find(":",tipp!L73)-1),2,"x"))=tipp!$I73,tipp!$J73*pontozas!$B$1)+if(left(tipp!L73,find(":",tipp!L73)-1)-right(tipp!L73,(len(tipp!L73)-find(":",tipp!L73)))=tipp!$G73-tipp!$H73,pontozas!$B$2,0)+if(tipp!L73=tipp!$F73,pontozas!$B$3),""),"") | D74: =if(D$1<>"",iferror(if(if(left(tipp!M73,find(":",tipp!M73)-1)>right(tipp!M73,(len(tipp!M73)-find(":",tipp!M73))),1,if(right(tipp!M73,(len(tipp!M73)-find(":",tipp!M73)))>left(tipp!M73,find(":",tipp!M73)-1),2,"x"))=tipp!$I73,tipp!$J73*pontozas!$B$1)+if(left(tipp!M73,find(":",tipp!M73)-1)-right(tipp!M73,(len(tipp!M73)-find(":",tipp!M73)))=tipp!$G73-tipp!$H73,pontozas!$B$2,0)+if(tipp!M73=tipp!$F73,pontozas!$B$3),""),"") | E74: =if(E$1<>"",iferror(if(if(left(tipp!N73,find(":",tipp!N73)-1)>right(tipp!N73,(len(tipp!N73)-find(":",tipp!N73))),1,if(right(tipp!N73,(len(tipp!N73)-find(":",tipp!N73)))>left(tipp!N73,find(":",tipp!N73)-1),2,"x"))=tipp!$I73,tipp!$J73*pontozas!$B$1)+if(left(tipp!N73,find(":",tipp!N73)-1)-right(tipp!N73,(len(tipp!N73)-find(":",tipp!N73)))=tipp!$G73-tipp!$H73,pontozas!$B$2,0)+if(tipp!N73=tipp!$F73,pontozas!$B$3),""),"") | F74: =if(F$1<>"",iferror(if(if(left(tipp!O73,find(":",tipp!O73)-1)>right(tipp!O73,(len(tipp!O73)-find(":",tipp!O73))),1,if(right(tipp!O73,(len(tipp!O73)-find(":",tipp!O73)))>left(tipp!O73,find(":",tipp!O73)-1),2,"x"))=tipp!$I73,tipp!$J73*pontozas!$B$1)+if(left(tipp!O73,find(":",tipp!O73)-1)-right(tipp!O73,(len(tipp!O73)-find(":",tipp!O73)))=tipp!$G73-tipp!$H73,pontozas!$B$2,0)+if(tipp!O73=tipp!$F73,pontozas!$B$3),""),"") | G74: =if(G$1<>"",iferror(if(if(left(tipp!P73,find(":",tipp!P73)-1)>right(tipp!P73,(len(tipp!P73)-find(":",tipp!P73))),1,if(right(tipp!P73,(len(tipp!P73)-find(":",tipp!P73)))>left(tipp!P73,find(":",tipp!P73)-1),2,"x"))=tipp!$I73,tipp!$J73*pontozas!$B$1)+if(left(tipp!P73,find(":",tipp!P73)-1)-right(tipp!P73,(len(tipp!P73)-find(":",tipp!P73)))=tipp!$G73-tipp!$H73,pontozas!$B$2,0)+if(tipp!P73=tipp!$F73,pontozas!$B$3),""),"") | H74: =if(H$1<>"",iferror(if(if(left(tipp!Q73,find(":",tipp!Q73)-1)>right(tipp!Q73,(len(tipp!Q73)-find(":",tipp!Q73))),1,if(right(tipp!Q73,(len(tipp!Q73)-find(":",tipp!Q73)))>left(tipp!Q73,find(":",tipp!Q73)-1),2,"x"))=tipp!$I73,tipp!$J73*pontozas!$B$1)+if(left(tipp!Q73,find(":",tipp!Q73)-1)-right(tipp!Q73,(len(tipp!Q73)-find(":",tipp!Q73)))=tipp!$G73-tipp!$H73,pontozas!$B$2,0)+if(tipp!Q73=tipp!$F73,pontozas!$B$3),""),"") | I74: =if(I$1<>"",iferror(if(if(left(tipp!R73,find(":",tipp!R73)-1)>right(tipp!R73,(len(tipp!R73)-find(":",tipp!R73))),1,if(right(tipp!R73,(len(tipp!R73)-find(":",tipp!R73)))>left(tipp!R73,find(":",tipp!R73)-1),2,"x"))=tipp!$I73,tipp!$J73*pontozas!$B$1)+if(left(tipp!R73,find(":",tipp!R73)-1)-right(tipp!R73,(len(tipp!R73)-find(":",tipp!R73)))=tipp!$G73-tipp!$H73,pontozas!$B$2,0)+if(tipp!R73=tipp!$F73,pontozas!$B$3),""),"") | ... O74: =if(O$1<>"",iferror(if(if(left(tipp!X73,find(":",tipp!X73)-1)>right(tipp!X73,(len(tipp!X73)-find(":",tipp!X73))),1,if(right(tipp!X73,(len(tipp!X73)-find(":",tipp!X73)))>left(tipp!X73,find(":",tipp!X73)-1),2,"x"))=tipp!$I73,tipp!$J73*pontozas!$B$1)+if(left(tipp!X73,find(":",tipp!X73)-1)-right(tipp!X73,(len(tipp!X73)-find(":",tipp!X73)))=tipp!$G73-tipp!$H73,pontozas!$B$2,0)+if(tipp!X73=tipp!$F73,pontozas!$B$3),""),"")

Sheet pontozas
A1: eredmény (* ODDS) | B1: 1
A2: gólkülönbség | B2: 1
A3: pontos eredmény | B3: 1
A4: minden említett dobogós | B4: 2
A5: pontos helyezés | B5: 2
A8: South Korea
A9: Belarus
A10: Canada
A11: Czech Republic
A12: Denmark
A13: Finland
A14: France
A15: Germany
A16: Latvia
A17: Norway
A18: Russia
A19: Slovakia
... A23: United States
A25: aranyérmes | B25: Sweden
A26: ezüstérmes | B26: Switzerland
A27: bronzérmes | B27: United States

Sheet temp
F4: TeamA | G4: TeamB | I4: 1 | J4: x | K4: 2
A5: Canada (1.44) | B5: Draw (5.75) | C5: USA (5.6) | D5: All Odds | F5: =IFERROR(__xludf.DUMMYFUNCTION("REGEXEXTRACT(A5,""(.*)\s\("")"),"Canada") -> Canada | G5: =IFERROR(__xludf.DUMMYFUNCTION("REGEXEXTRACT(C5,""(.*)\s\("")"),"USA") -> USA | I5: =IFERROR(__xludf.DUMMYFUNCTION("REGEXEXTRACT(A5, ""\((.*)\)"")"),"1.44") -> 1.44 | J5: =IFERROR(__xludf.DUMMYFUNCTION("REGEXEXTRACT(B5, ""\((.*)\)"")"),"5.75") -> 5.75 | K5: =IFERROR(__xludf.DUMMYFUNCTION("REGEXEXTRACT(C5, ""\((.*)\)"")"),"5.6") -> 5.6
A6: Latvia (12) | B6: Draw (9) | C6: Sweden (1.2) | D6: All Odds | F6: =IFERROR(__xludf.DUMMYFUNCTION("REGEXEXTRACT(A6,""(.*)\s\("")"),"Latvia") -> Latvia | G6: =IFERROR(__xludf.DUMMYFUNCTION("REGEXEXTRACT(C6,""(.*)\s\("")"),"Sweden") -> Sweden | I6: =IFERROR(__xludf.DUMMYFUNCTION("REGEXEXTRACT(A6, ""\((.*)\)"")"),"12") -> 12 | J6: =IFERROR(__xludf.DUMMYFUNCTION("REGEXEXTRACT(B6, ""\((.*)\)"")"),"9") -> 9 | K6: =IFERROR(__xludf.DUMMYFUNCTION("REGEXEXTRACT(C6, ""\((.*)\)"")"),"1.2") -> 1.2
A7: Belarus (9.25) | B7: Draw (7) | C7: Finland (1.3) | D7: All Odds | F7: =IFERROR(__xludf.DUMMYFUNCTION("REGEXEXTRACT(A7,""(.*)\s\("")"),"Belarus") -> Belarus | G7: =IFERROR(__xludf.DUMMYFUNCTION("REGEXEXTRACT(C7,""(.*)\s\("")"),"Finland") -> Finland | I7: =IFERROR(__xludf.DUMMYFUNCTION("REGEXEXTRACT(A7, ""\((.*)\)"")"),"9.25") -> 9.25 | J7: =IFERROR(__xludf.DUMMYFUNCTION("REGEXEXTRACT(B7, ""\((.*)\)"")"),"7") -> 7 | K7: =IFERROR(__xludf.DUMMYFUNCTION("REGEXEXTRACT(C7, ""\((.*)\)"")"),"1.3") -> 1.3
A8: Russia (1.57) | B8: Draw (5.25) | C8: Czech Republic (5) | D8: All Odds | F8: =IFERROR(__xludf.DUMMYFUNCTION("REGEXEXTRACT(A8,""(.*)\s\("")"),"Russia") -> Russia | G8: =IFERROR(__xludf.DUMMYFUNCTION("REGEXEXTRACT(C8,""(.*)\s\("")"),"Czech Republic") -> Czech Republic | I8: =IFERROR(__xludf.DUMMYFUNCTION("REGEXEXTRACT(A8, ""\((.*)\)"")"),"1.57") -> 1.57 | J8: =IFERROR(__xludf.DUMMYFUNCTION("REGEXEXTRACT(B8, ""\((.*)\)"")"),"5.25") -> 5.25 | K8: =IFERROR(__xludf.DUMMYFUNCTION("REGEXEXTRACT(C8, ""\((.*)\)"")"),"5") -> 5
A9: Hungary (15) | B9: Draw (10) | C9: Slovakia (1.18) | D9: All Odds | F9: =IFERROR(__xludf.DUMMYFUNCTION("REGEXEXTRACT(A9,""(.*)\s\("")"),"Hungary") -> Hungary | G9: =IFERROR(__xludf.DUMMYFUNCTION("REGEXEXTRACT(C9,""(.*)\s\("")"),"Slovakia") -> Slovakia | I9: =IFERROR(__xludf.DUMMYFUNCTION("REGEXEXTRACT(A9, ""\((.*)\)"")"),"15") -> 15 | J9: =IFERROR(__xludf.DUMMYFUNCTION("REGEXEXTRACT(B9, ""\((.*)\)"")"),"10") -> 10 | K9: =IFERROR(__xludf.DUMMYFUNCTION("REGEXEXTRACT(C9, ""\((.*)\)"")"),"1.18") -> 1.18
A10: Kazakhstan (6.1) | B10: Draw (5.65) | C10: Switzerland (1.5) | D10: All Odds | F10: =IFERROR(__xludf.DUMMYFUNCTION("REGEXEXTRACT(A10,""(.*)\s\("")"),"Kazakhstan") -> Kazakhstan | G10: =IFERROR(__xludf.DUMMYFUNCTION("REGEXEXTRACT(C10,""(.*)\s\("")"),"Switzerland") -> Switzerland | I10: =IFERROR(__xludf.DUMMYFUNCTION("REGEXEXTRACT(A10, ""\((.*)\)"")"),"6.1") -> 6.1 | J10: =IFERROR(__xludf.DUMMYFUNCTION("REGEXEXTRACT(B10, ""\((.*)\)"")"),"5.65") -> 5.65 | K10: =IFERROR(__xludf.DUMMYFUNCTION("REGEXEXTRACT(C10, ""\((.*)\)"")"),"1.5") -> 1.5
A11: Denmark (3) | B11: Draw (4.33) | C11: Norway (2.15) | D11: All Odds | F11: =IFERROR(__xludf.DUMMYFUNCTION("REGEXEXTRACT(A11,""(.*)\s\("")"),"Denmark") -> Denmark | G11: =IFERROR(__xludf.DUMMYFUNCTION("REGEXEXTRACT(C11,""(.*)\s\("")"),"Norway") -> Norway | I11: =IFERROR(__xludf.DUMMYFUNCTION("REGEXEXTRACT(A11, ""\((.*)\)"")"),"3") -> 3 | J11: =IFERROR(__xludf.DUMMYFUNCTION("REGEXEXTRACT(B11, ""\((.*)\)"")"),"4.33") -> 4.33 | K11: =IFERROR(__xludf.DUMMYFUNCTION("REGEXEXTRACT(C11, ""\((.*)\)"")"),"2.15") -> 2.15
A12: Germany (1.95) | B12: Draw (4.5) | C12: France (3.4) | D12: All Odds | F12: =IFERROR(__xludf.DUMMYFUNCTION("REGEXEXTRACT(A12,""(.*)\s\("")"),"Germany") -> Germany | G12: =IFERROR(__xludf.DUMMYFUNCTION("REGEXEXTRACT(C12,""(.*)\s\("")"),"France") -> France | I12: =IFERROR(__xludf.DUMMYFUNCTION("REGEXEXTRACT(A12, ""\((.*)\)"")"),"1.95") -> 1.95 | J12: =IFERROR(__xludf.DUMMYFUNCTION("REGEXEXTRACT(B12, ""\((.*)\)"")"),"4.5") -> 4.5 | K12: =IFERROR(__xludf.DUMMYFUNCTION("REGEXEXTRACT(C12, ""\((.*)\)"")"),"3.4") -> 3.4
A13: Czech Republic (1.25) | B13: Draw (9) | C13: Latvia (9.5) | D13: All Odds | F13: =IFERROR(__xludf.DUMMYFUNCTION("REGEXEXTRACT(A13,""(.*)\s\("")"),"Czech Republic") -> Czech Republic | G13: =IFERROR(__xludf.DUMMYFUNCTION("REGEXEXTRACT(C13,""(.*)\s\("")"),"Latvia") -> Latvia | I13: =IFERROR(__xludf.DUMMYFUNCTION("REGEXEXTRACT(A13, ""\((.*)\)"")"),"1.25") -> 1.25 | J13: =IFERROR(__xludf.DUMMYFUNCTION("REGEXEXTRACT(B13, ""\((.*)\)"")"),"9") -> 9 | K13: =IFERROR(__xludf.DUMMYFUNCTION("REGEXEXTRACT(C13, ""\((.*)\)"")"),"9.5") -> 9.5
A14: USA (1.45) | B14: Draw (5.75) | C14: Belarus (5.5) | D14: All Odds | F14: =IFERROR(__xludf.DUMMYFUNCTION("REGEXEXTRACT(A14,""(.*)\s\("")"),"USA") -> USA | G14: =IFERROR(__xludf.DUMMYFUNCTION("REGEXEXTRACT(C14,""(.*)\s\("")"),"Belarus") -> Belarus | I14: =IFERROR(__xludf.DUMMYFUNCTION("REGEXEXTRACT(A14, ""\((.*)\)"")"),"1.45") -> 1.45 | J14: =IFERROR(__xludf.DUMMYFUNCTION("REGEXEXTRACT(B14, ""\((.*)\)"")"),"5.75") -> 5.75 | K14: =IFERROR(__xludf.DUMMYFUNCTION("REGEXEXTRACT(C14, ""\((.*)\)"")"),"5.5") -> 5.5
A15: Canada (1.01) | B15: Draw (23) | C15: Hungary (41) | D15: All Odds | F15: =IFERROR(__xludf.DUMMYFUNCTION("REGEXEXTRACT(A15,""(.*)\s\("")"),"Canada") -> Canada | G15: =IFERROR(__xludf.DUMMYFUNCTION("REGEXEXTRACT(C15,""(.*)\s\("")"),"Hungary") -> Hungary | I15: =IFERROR(__xludf.DUMMYFUNCTION("REGEXEXTRACT(A15, ""\((.*)\)"")"),"1.01") -> 1.01 | J15: =IFERROR(__xludf.DUMMYFUNCTION("REGEXEXTRACT(B15, ""\((.*)\)"")"),"23") -> 23 | K15: =IFERROR(__xludf.DUMMYFUNCTION("REGEXEXTRACT(C15, ""\((.*)\)"")"),"41") -> 41
A16: Russia (1.07) | B16: Draw (17) | C16: Kazakhstan (28) | D16: All Odds | F16: =IFERROR(__xludf.DUMMYFUNCTION("REGEXEXTRACT(A16,""(.*)\s\("")"),"Russia") -> Russia | G16: =IFERROR(__xludf.DUMMYFUNCTION("REGEXEXTRACT(C16,""(.*)\s\("")"),"Kazakhstan") -> Kazakhstan | I16: =IFERROR(__xludf.DUMMYFUNCTION("REGEXEXTRACT(A16, ""\((.*)\)"")"),"1.07") -> 1.07 | J16: =IFERROR(__xludf.DUMMYFUNCTION("REGEXEXTRACT(B16, ""\((.*)\)"")"),"17") -> 17 | K16: =IFERROR(__xludf.DUMMYFUNCTION("REGEXEXTRACT(C16, ""\((.*)\)"")"),"28") -> 28
A17: Germany (8.5) | B17: Draw (7) | C17: Finland (1.29) | D17: All Odds | F17: =IFERROR(__xludf.DUMMYFUNCTION("REGEXEXTRACT(A17,""(.*)\s\("")"),"Germany") -> Germany | G17: =IFERROR(__xludf.DUMMYFUNCTION("REGEXEXTRACT(C17,""(.*)\s\("")"),"Finland") -> Finland | I17: =IFERROR(__xludf.DUMMYFUNCTION("REGEXEXTRACT(A17, ""\((.*)\)"")"),"8.5") -> 8.5 | J17: =IFERROR(__xludf.DUMMYFUNCTION("REGEXEXTRACT(B17, ""\((.*)\)"")"),"7") -> 7 | K17: =IFERROR(__xludf.DUMMYFUNCTION("REGEXEXTRACT(C17, ""\((.*)\)"")"),"1.29") -> 1.29
A18: Switzerland (1.67) | B18: Draw (4.6) | C18: Norway (4.3) | D18: All Odds | F18: =IFERROR(__xludf.DUMMYFUNCTION("REGEXEXTRACT(A18,""(.*)\s\("")"),"Switzerland") -> Switzerland | G18: =IFERROR(__xludf.DUMMYFUNCTION("REGEXEXTRACT(C18,""(.*)\s\("")"),"Norway") -> Norway | I18: =IFERROR(__xludf.DUMMYFUNCTION("REGEXEXTRACT(A18, ""\((.*)\)"")"),"1.67") -> 1.67 | J18: =IFERROR(__xludf.DUMMYFUNCTION("REGEXEXTRACT(B18, ""\((.*)\)"")"),"4.6") -> 4.6 | K18: =IFERROR(__xludf.DUMMYFUNCTION("REGEXEXTRACT(C18, ""\((.*)\)"")"),"4.3") -> 4.3
A19: Denmark (10) | B19: Draw (8.5) | C19: Sweden (1.2) | D19: All Odds | F19: =IFERROR(__xludf.DUMMYFUNCTION("REGEXEXTRACT(A19,""(.*)\s\("")"),"Denmark") -> Denmark | G19: =IFERROR(__xludf.DUMMYFUNCTION("REGEXEXTRACT(C19,""(.*)\s\("")"),"Sweden") -> Sweden | I19: =IFERROR(__xludf.DUMMYFUNCTION("REGEXEXTRACT(A19, ""\((.*)\)"")"),"10") -> 10 | J19: =IFERROR(__xludf.DUMMYFUNCTION("REGEXEXTRACT(B19, ""\((.*)\)"")"),"8.5") -> 8.5 | K19: =IFERROR(__xludf.DUMMYFUNCTION("REGEXEXTRACT(C19, ""\((.*)\)"")"),"1.2") -> 1.2
A20: Slovakia (1.45) | B20: Draw (5.75) | C20: France (6) | D20: All Odds | F20: =IFERROR(__xludf.DUMMYFUNCTION("REGEXEXTRACT(A20,""(.*)\s\("")"),"Slovakia") -> Slovakia | G20: =IFERROR(__xludf.DUMMYFUNCTION("REGEXEXTRACT(C20,""(.*)\s\("")"),"France") -> France | I20: =IFERROR(__xludf.DUMMYFUNCTION("REGEXEXTRACT(A20, ""\((.*)\)"")"),"1.45") -> 1.45 | J20: =IFERROR(__xludf.DUMMYFUNCTION("REGEXEXTRACT(B20, ""\((.*)\)"")"),"5.75") -> 5.75 | K20: =IFERROR(__xludf.DUMMYFUNCTION("REGEXEXTRACT(C20, ""\((.*)\)"")"),"6") -> 6
A21: Canada (1.1) | B21: Draw (12) | C21: Belarus (16) | D21: All Odds | F21: =IFERROR(__xludf.DUMMYFUNCTION("REGEXEXTRACT(A21,""(.*)\s\("")"),"Canada") -> Canada | G21: =IFERROR(__xludf.DUMMYFUNCTION("REGEXEXTRACT(C21,""(.*)\s\("")"),"Belarus") -> Belarus | I21: =IFERROR(__xludf.DUMMYFUNCTION("REGEXEXTRACT(A21, ""\((.*)\)"")"),"1.1") -> 1.1 | J21: =IFERROR(__xludf.DUMMYFUNCTION("REGEXEXTRACT(B21, ""\((.*)\)"")"),"12") -> 12 | K21: =IFERROR(__xludf.DUMMYFUNCTION("REGEXEXTRACT(C21, ""\((.*)\)"")"),"16") -> 16
A22: Russia (1.09) | B22: Draw (19) | C22: Latvia (26) | D22: All Odds | F22: =IFERROR(__xludf.DUMMYFUNCTION("REGEXEXTRACT(A22,""(.*)\s\("")"),"Russia") -> Russia | G22: =IFERROR(__xludf.DUMMYFUNCTION("REGEXEXTRACT(C22,""(.*)\s\("")"),"Latvia") -> Latvia | I22: =IFERROR(__xludf.DUMMYFUNCTION("REGEXEXTRACT(A22, ""\((.*)\)"")"),"1.09") -> 1.09 | J22: =IFERROR(__xludf.DUMMYFUNCTION("REGEXEXTRACT(B22, ""\((.*)\)"")"),"19") -> 19 | K22: =IFERROR(__xludf.DUMMYFUNCTION("REGEXEXTRACT(C22, ""\((.*)\)"")"),"26") -> 26
A23: Czech Republic (2.95) | B23: Draw (4.6) | C23: Sweden (2.1) | D23: All Odds | F23: =IFERROR(__xludf.DUMMYFUNCTION("REGEXEXTRACT(A23,""(.*)\s\("")"),"Czech Republic") -> Czech Republic | G23: =IFERROR(__xludf.DUMMYFUNCTION("REGEXEXTRACT(C23,""(.*)\s\("")"),"Sweden") -> Sweden | I23: =IFERROR(__xludf.DUMMYFUNCTION("REGEXEXTRACT(A23, ""\((.*)\)"")"),"2.95") -> 2.95 | J23: =IFERROR(__xludf.DUMMYFUNCTION("REGEXEXTRACT(B23, ""\((.*)\)"")"),"4.6") -> 4.6 | K23: =IFERROR(__xludf.DUMMYFUNCTION("REGEXEXTRACT(C23, ""\((.*)\)"")"),"2.1") -> 2.1
A24: USA (3.8) | B24: Draw (4.65) | C24: Finland (1.73) | D24: All Odds | F24: =IFERROR(__xludf.DUMMYFUNCTION("REGEXEXTRACT(A24,""(.*)\s\("")"),"USA") -> USA | G24: =IFERROR(__xludf.DUMMYFUNCTION("REGEXEXTRACT(C24,""(.*)\s\("")"),"Finland") -> Finland | I24: =IFERROR(__xludf.DUMMYFUNCTION("REGEXEXTRACT(A24, ""\((.*)\)"")"),"3.8") -> 3.8 | J24: =IFERROR(__xludf.DUMMYFUNCTION("REGEXEXTRACT(B24, ""\((.*)\)"")"),"4.65") -> 4.65 | K24: =IFERROR(__xludf.DUMMYFUNCTION("REGEXEXTRACT(C24, ""\((.*)\)"")"),"1.73") -> 1.73
A25: Denmark (4.3) | B25: Draw (5) | C25: Switzerland (1.63) | D25: All Odds | F25: =IFERROR(__xludf.DUMMYFUNCTION("REGEXEXTRACT(A25,""(.*)\s\("")"),"Denmark") -> Denmark | G25: =IFERROR(__xludf.DUMMYFUNCTION("REGEXEXTRACT(C25,""(.*)\s\("")"),"Switzerland") -> Switzerland | I25: =IFERROR(__xludf.DUMMYFUNCTION("REGEXEXTRACT(A25, ""\((.*)\)"")"),"4.3") -> 4.3 | J25: =IFERROR(__xludf.DUMMYFUNCTION("REGEXEXTRACT(B25, ""\((.*)\)"")"),"5") -> 5 | K25: =IFERROR(__xludf.DUMMYFUNCTION("REGEXEXTRACT(C25, ""\((.*)\)"")"),"1.63") -> 1.63
A26: Germany (4) | B26: Draw (4.6) | C26: Slovakia (1.69) | D26: All Odds | F26: =IFERROR(__xludf.DUMMYFUNCTION("REGEXEXTRACT(A26,""(.*)\s\("")"),"Germany") -> Germany | G26: =IFERROR(__xludf.DUMMYFUNCTION("REGEXEXTRACT(C26,""(.*)\s\("")"),"Slovakia") -> Slovakia | I26: =IFERROR(__xludf.DUMMYFUNCTION("REGEXEXTRACT(A26, ""\((.*)\)"")"),"4") -> 4 | J26: =IFERROR(__xludf.DUMMYFUNCTION("REGEXEXTRACT(B26, ""\((.*)\)"")"),"4.6") -> 4.6 | K26: =IFERROR(__xludf.DUMMYFUNCTION("REGEXEXTRACT(C26, ""\((.*)\)"")"),"1.69") -> 1.69
A27: France (1.53) | B27: Draw (5.75) | C27: Hungary (4.75) | D27: All Odds | F27: =IFERROR(__xludf.DUMMYFUNCTION("REGEXEXTRACT(A27,""(.*)\s\("")"),"France") -> France | G27: =IFERROR(__xludf.DUMMYFUNCTION("REGEXEXTRACT(C27,""(.*)\s\("")"),"Hungary") -> Hungary | I27: =IFERROR(__xludf.DUMMYFUNCTION("REGEXEXTRACT(A27, ""\((.*)\)"")"),"1.53") -> 1.53 | J27: =IFERROR(__xludf.DUMMYFUNCTION("REGEXEXTRACT(B27, ""\((.*)\)"")"),"5.75") -> 5.75 | K27: =IFERROR(__xludf.DUMMYFUNCTION("REGEXEXTRACT(C27, ""\((.*)\)"")"),"4.75") -> 4.75
A28: Norway (1.69) | B28: Draw (5.25) | C28: Kazakhstan (4.15) | D28: All Odds | F28: =IFERROR(__xludf.DUMMYFUNCTION("REGEXEXTRACT(A28,""(.*)\s\("")"),"Norway") -> Norway | G28: =IFERROR(__xludf.DUMMYFUNCTION("REGEXEXTRACT(C28,""(.*)\s\("")"),"Kazakhstan") -> Kazakhstan | I28: =IFERROR(__xludf.DUMMYFUNCTION("REGEXEXTRACT(A28, ""\((.*)\)"")"),"1.69") -> 1.69 | J28: =IFERROR(__xludf.DUMMYFUNCTION("REGEXEXTRACT(B28, ""\((.*)\)"")"),"5.25") -> 5.25 | K28: =IFERROR(__xludf.DUMMYFUNCTION("REGEXEXTRACT(C28, ""\((.*)\)"")"),"4.15") -> 4.15
A29: Belarus (3.85) | B29: Draw (4.75) | C29: Slovakia (1.69) | D29: All Odds | F29: =IFERROR(__xludf.DUMMYFUNCTION("REGEXEXTRACT(A29,""(.*)\s\("")"),"Belarus") -> Belarus | G29: =IFERROR(__xludf.DUMMYFUNCTION("REGEXEXTRACT(C29,""(.*)\s\("")"),"Slovakia") -> Slovakia | I29: =IFERROR(__xludf.DUMMYFUNCTION("REGEXEXTRACT(A29, ""\((.*)\)"")"),"3.85") -> 3.85 | J29: =IFERROR(__xludf.DUMMYFUNCTION("REGEXEXTRACT(B29, ""\((.*)\)"")"),"4.75") -> 4.75 | K29: =IFERROR(__xludf.DUMMYFUNCTION("REGEXEXTRACT(C29, ""\((.*)\)"")"),"1.69") -> 1.69
A30: Latvia (4.65) | B30: Draw (5.25) | C30: Switzerland (1.53) | D30: All Odds | F30: =IFERROR(__xludf.DUMMYFUNCTION("REGEXEXTRACT(A30,""(.*)\s\("")"),"Latvia") -> Latvia | G30: =IFERROR(__xludf.DUMMYFUNCTION("REGEXEXTRACT(C30,""(.*)\s\("")"),"Switzerland") -> Switzerland | I30: =IFERROR(__xludf.DUMMYFUNCTION("REGEXEXTRACT(A30, ""\((.*)\)"")"),"4.65") -> 4.65 | J30: =IFERROR(__xludf.DUMMYFUNCTION("REGEXEXTRACT(B30, ""\((.*)\)"")"),"5.25") -> 5.25 | K30: =IFERROR(__xludf.DUMMYFUNCTION("REGEXEXTRACT(C30, ""\((.*)\)"")"),"1.53") -> 1.53
A31: Hungary (28) | B31: Draw (18.5) | C31: Finland (1.03) | D31: All Odds | F31: =IFERROR(__xludf.DUMMYFUNCTION("REGEXEXTRACT(A31,""(.*)\s\("")"),"Hungary") -> Hungary | G31: =IFERROR(__xludf.DUMMYFUNCTION("REGEXEXTRACT(C31,""(.*)\s\("")"),"Finland") -> Finland | I31: =IFERROR(__xludf.DUMMYFUNCTION("REGEXEXTRACT(A31, ""\((.*)\)"")"),"28") -> 28 | J31: =IFERROR(__xludf.DUMMYFUNCTION("REGEXEXTRACT(B31, ""\((.*)\)"")"),"18.5") -> 18.5 | K31: =IFERROR(__xludf.DUMMYFUNCTION("REGEXEXTRACT(C31, ""\((.*)\)"")"),"1.03") -> 1.03
A32: Kazakhstan (17) | B32: Draw (11.5) | C32: Sweden (1.12) | D32: All Odds | F32: =IFERROR(__xludf.DUMMYFUNCTION("REGEXEXTRACT(A32,""(.*)\s\("")"),"Kazakhstan") -> Kazakhstan | G32: =IFERROR(__xludf.DUMMYFUNCTION("REGEXEXTRACT(C32,""(.*)\s\("")"),"Sweden") -> Sweden | I32: =IFERROR(__xludf.DUMMYFUNCTION("REGEXEXTRACT(A32, ""\((.*)\)"")"),"17") -> 17 | J32: =IFERROR(__xludf.DUMMYFUNCTION("REGEXEXTRACT(B32, ""\((.*)\)"")"),"11.5") -> 11.5 | K32: =IFERROR(__xludf.DUMMYFUNCTION("REGEXEXTRACT(C32, ""\((.*)\)"")"),"1.12") -> 1.12
A33: France (6.7) | B33: Draw (6.7) | C33: USA (1.33) | D33: All Odds | F33: =IFERROR(__xludf.DUMMYFUNCTION("REGEXEXTRACT(A33,""(.*)\s\("")"),"France") -> France | G33: =IFERROR(__xludf.DUMMYFUNCTION("REGEXEXTRACT(C33,""(.*)\s\("")"),"USA") -> USA | I33: =IFERROR(__xludf.DUMMYFUNCTION("REGEXEXTRACT(A33, ""\((.*)\)"")"),"6.7") -> 6.7 | J33: =IFERROR(__xludf.DUMMYFUNCTION("REGEXEXTRACT(B33, ""\((.*)\)"")"),"6.7") -> 6.7 | K33: =IFERROR(__xludf.DUMMYFUNCTION("REGEXEXTRACT(C33, ""\((.*)\)"")"),"1.33") -> 1.33
A34: Norway (6.95) | B34: Draw (6.5) | C34: Czech Republic (1.3) | D34: All Odds | F34: =IFERROR(__xludf.DUMMYFUNCTION("REGEXEXTRACT(A34,""(.*)\s\("")"),"Norway") -> Norway | G34: =IFERROR(__xludf.DUMMYFUNCTION("REGEXEXTRACT(C34,""(.*)\s\("")"),"Czech Republic") -> Czech Republic | I34: =IFERROR(__xludf.DUMMYFUNCTION("REGEXEXTRACT(A34, ""\((.*)\)"")"),"6.95") -> 6.95 | J34: =IFERROR(__xludf.DUMMYFUNCTION("REGEXEXTRACT(B34, ""\((.*)\)"")"),"6.5") -> 6.5 | K34: =IFERROR(__xludf.DUMMYFUNCTION("REGEXEXTRACT(C34, ""\((.*)\)"")"),"1.3") -> 1.3
A35: Denmark (13.3) | B35: Draw (11.5) | C35: Russia (1.11) | D35: All Odds | F35: =IFERROR(__xludf.DUMMYFUNCTION("REGEXEXTRACT(A35,""(.*)\s\("")"),"Denmark") -> Denmark | G35: =IFERROR(__xludf.DUMMYFUNCTION("REGEXEXTRACT(C35,""(.*)\s\("")"),"Russia") -> Russia | I35: =IFERROR(__xludf.DUMMYFUNCTION("REGEXEXTRACT(A35, ""\((.*)\)"")"),"13.3") -> 13.3 | J35: =IFERROR(__xludf.DUMMYFUNCTION("REGEXEXTRACT(B35, ""\((.*)\)"")"),"11.5") -> 11.5 | K35: =IFERROR(__xludf.DUMMYFUNCTION("REGEXEXTRACT(C35, ""\((.*)\)"")"),"1.11") -> 1.11
A36: Germany (15.5) | B36: Draw (11) | C36: Canada (1.1) | D36: All Odds | F36: =IFERROR(__xludf.DUMMYFUNCTION("REGEXEXTRACT(A36,""(.*)\s\("")"),"Germany") -> Germany | G36: =IFERROR(__xludf.DUMMYFUNCTION("REGEXEXTRACT(C36,""(.*)\s\("")"),"Canada") -> Canada | I36: =IFERROR(__xludf.DUMMYFUNCTION("REGEXEXTRACT(A36, ""\((.*)\)"")"),"15.5") -> 15.5 | J36: =IFERROR(__xludf.DUMMYFUNCTION("REGEXEXTRACT(B36, ""\((.*)\)"")"),"11") -> 11 | K36: =IFERROR(__xludf.DUMMYFUNCTION("REGEXEXTRACT(C36, ""\((.*)\)"")"),"1.1") -> 1.1
A37: Hungary (15) | B37: Draw (13) | C37: USA (1.09) | D37: All Odds | F37: =IFERROR(__xludf.DUMMYFUNCTION("REGEXEXTRACT(A37,""(.*)\s\("")"),"Hungary") -> Hungary | G37: =IFERROR(__xludf.DUMMYFUNCTION("REGEXEXTRACT(C37,""(.*)\s\("")"),"USA") -> USA | I37: =IFERROR(__xludf.DUMMYFUNCTION("REGEXEXTRACT(A37, ""\((.*)\)"")"),"15") -> 15 | J37: =IFERROR(__xludf.DUMMYFUNCTION("REGEXEXTRACT(B37, ""\((.*)\)"")"),"13") -> 13 | K37: =IFERROR(__xludf.DUMMYFUNCTION("REGEXEXTRACT(C37, ""\((.*)\)"")"),"1.09") -> 1.09
A38: Kazakhstan (12.5) | B38: Draw (9) | C38: Czech Republic (1.14) | D38: All Odds | F38: =IFERROR(__xludf.DUMMYFUNCTION("REGEXEXTRACT(A38,""(.*)\s\("")"),"Kazakhstan") -> Kazakhstan | G38: =IFERROR(__xludf.DUMMYFUNCTION("REGEXEXTRACT(C38,""(.*)\s\("")"),"Czech Republic") -> Czech Republic | I38: =IFERROR(__xludf.DUMMYFUNCTION("REGEXEXTRACT(A38, ""\((.*)\)"")"),"12.5") -> 12.5 | J38: =IFERROR(__xludf.DUMMYFUNCTION("REGEXEXTRACT(B38, ""\((.*)\)"")"),"9") -> 9 | K38: =IFERROR(__xludf.DUMMYFUNCTION("REGEXEXTRACT(C38, ""\((.*)\)"")"),"1.14") -> 1.14
A39: Belarus (2.35) | B39: Draw (4.4) | C39: Germany (2.4) | D39: All Odds | F39: =IFERROR(__xludf.DUMMYFUNCTION("REGEXEXTRACT(A39,""(.*)\s\("")"),"Belarus") -> Belarus | G39: =IFERROR(__xludf.DUMMYFUNCTION("REGEXEXTRACT(C39,""(.*)\s\("")"),"Germany") -> Germany | I39: =IFERROR(__xludf.DUMMYFUNCTION("REGEXEXTRACT(A39, ""\((.*)\)"")"),"2.35") -> 2.35 | J39: =IFERROR(__xludf.DUMMYFUNCTION("REGEXEXTRACT(B39, ""\((.*)\)"")"),"4.4") -> 4.4 | K39: =IFERROR(__xludf.DUMMYFUNCTION("REGEXEXTRACT(C39, ""\((.*)\)"")"),"2.4") -> 2.4
A40: Latvia (2.85) | B40: Draw (4.3) | C40: Denmark (2.15) | D40: All Odds | F40: =IFERROR(__xludf.DUMMYFUNCTION("REGEXEXTRACT(A40,""(.*)\s\("")"),"Latvia") -> Latvia | G40: =IFERROR(__xludf.DUMMYFUNCTION("REGEXEXTRACT(C40,""(.*)\s\("")"),"Denmark") -> Denmark | I40: =IFERROR(__xludf.DUMMYFUNCTION("REGEXEXTRACT(A40, ""\((.*)\)"")"),"2.85") -> 2.85 | J40: =IFERROR(__xludf.DUMMYFUNCTION("REGEXEXTRACT(B40, ""\((.*)\)"")"),"4.3") -> 4.3 | K40: =IFERROR(__xludf.DUMMYFUNCTION("REGEXEXTRACT(C40, ""\((.*)\)"")"),"2.15") -> 2.15
A41: Finland (1.14) | B41: Draw (9) | C41: France (13) | D41: All Odds | F41: =IFERROR(__xludf.DUMMYFUNCTION("REGEXEXTRACT(A41,""(.*)\s\("")"),"Finland") -> Finland | G41: =IFERROR(__xludf.DUMMYFUNCTION("REGEXEXTRACT(C41,""(.*)\s\("")"),"France") -> France | I41: =IFERROR(__xludf.DUMMYFUNCTION("REGEXEXTRACT(A41, ""\((.*)\)"")"),"1.14") -> 1.14 | J41: =IFERROR(__xludf.DUMMYFUNCTION("REGEXEXTRACT(B41, ""\((.*)\)"")"),"9") -> 9 | K41: =IFERROR(__xludf.DUMMYFUNCTION("REGEXEXTRACT(C41, ""\((.*)\)"")"),"13") -> 13
A42: Sweden (1.2) | B42: Draw (8) | C42: Norway (8.5) | D42: All Odds | F42: =IFERROR(__xludf.DUMMYFUNCTION("REGEXEXTRACT(A42,""(.*)\s\("")"),"Sweden") -> Sweden | G42: =IFERROR(__xludf.DUMMYFUNCTION("REGEXEXTRACT(C42,""(.*)\s\("")"),"Norway") -> Norway | I42: =IFERROR(__xludf.DUMMYFUNCTION("REGEXEXTRACT(A42, ""\((.*)\)"")"),"1.2") -> 1.2 | J42: =IFERROR(__xludf.DUMMYFUNCTION("REGEXEXTRACT(B42, ""\((.*)\)"")"),"8") -> 8 | K42: =IFERROR(__xludf.DUMMYFUNCTION("REGEXEXTRACT(C42, ""\((.*)\)"")"),"8.5") -> 8.5
A43: Belarus (1.25) | B43: Draw (7.2) | C43: Hungary (7) | D43: All Odds | F43: =IFERROR(__xludf.DUMMYFUNCTION("REGEXEXTRACT(A43,""(.*)\s\("")"),"Belarus") -> Belarus | G43: =IFERROR(__xludf.DUMMYFUNCTION("REGEXEXTRACT(C43,""(.*)\s\("")"),"Hungary") -> Hungary | I43: =IFERROR(__xludf.DUMMYFUNCTION("REGEXEXTRACT(A43, ""\((.*)\)"")"),"1.25") -> 1.25 | J43: =IFERROR(__xludf.DUMMYFUNCTION("REGEXEXTRACT(B43, ""\((.*)\)"")"),"7.2") -> 7.2 | K43: =IFERROR(__xludf.DUMMYFUNCTION("REGEXEXTRACT(C43, ""\((.*)\)"")"),"7") -> 7
A44: Switzerland (6.5) | B44: Draw (6.5) | C44: Russia (1.33) | D44: All Odds | F44: =IFERROR(__xludf.DUMMYFUNCTION("REGEXEXTRACT(A44,""(.*)\s\("")"),"Switzerland") -> Switzerland | G44: =IFERROR(__xludf.DUMMYFUNCTION("REGEXEXTRACT(C44,""(.*)\s\("")"),"Russia") -> Russia | I44: =IFERROR(__xludf.DUMMYFUNCTION("REGEXEXTRACT(A44, ""\((.*)\)"")"),"6.5") -> 6.5 | J44: =IFERROR(__xludf.DUMMYFUNCTION("REGEXEXTRACT(B44, ""\((.*)\)"")"),"6.5") -> 6.5 | K44: =IFERROR(__xludf.DUMMYFUNCTION("REGEXEXTRACT(C44, ""\((.*)\)"")"),"1.33") -> 1.33
A45: Latvia (2.15) | B45: Draw (4.45) | C45: Kazakhstan (2.65) | D45: All Odds | F45: =IFERROR(__xludf.DUMMYFUNCTION("REGEXEXTRACT(A45,""(.*)\s\("")"),"Latvia") -> Latvia | G45: =IFERROR(__xludf.DUMMYFUNCTION("REGEXEXTRACT(C45,""(.*)\s\("")"),"Kazakhstan") -> Kazakhstan | I45: =IFERROR(__xludf.DUMMYFUNCTION("REGEXEXTRACT(A45, ""\((.*)\)"")"),"2.15") -> 2.15 | J45: =IFERROR(__xludf.DUMMYFUNCTION("REGEXEXTRACT(B45, ""\((.*)\)"")"),"4.45") -> 4.45 | K45: =IFERROR(__xludf.DUMMYFUNCTION("REGEXEXTRACT(C45, ""\((.*)\)"")"),"2.65") -> 2.65
A46: Slovakia (7) | B46: Draw (6.5) | C46: Canada (1.3) | D46: All Odds | F46: =IFERROR(__xludf.DUMMYFUNCTION("REGEXEXTRACT(A46,""(.*)\s\("")"),"Slovakia") -> Slovakia | G46: =IFERROR(__xludf.DUMMYFUNCTION("REGEXEXTRACT(C46,""(.*)\s\("")"),"Canada") -> Canada | I46: =IFERROR(__xludf.DUMMYFUNCTION("REGEXEXTRACT(A46, ""\((.*)\)"")"),"7") -> 7 | J46: =IFERROR(__xludf.DUMMYFUNCTION("REGEXEXTRACT(B46, ""\((.*)\)"")"),"6.5") -> 6.5 | K46: =IFERROR(__xludf.DUMMYFUNCTION("REGEXEXTRACT(C46, ""\((.*)\)"")"),"1.3") -> 1.3
A47: Czech Republic (1.25) | B47: Draw (8.25) | C47: Denmark (7.75) | D47: All Odds | F47: =IFERROR(__xludf.DUMMYFUNCTION("REGEXEXTRACT(A47,""(.*)\s\("")"),"Czech Republic") -> Czech Republic | G47: =IFERROR(__xludf.DUMMYFUNCTION("REGEXEXTRACT(C47,""(.*)\s\("")"),"Denmark") -> Denmark | I47: =IFERROR(__xludf.DUMMYFUNCTION("REGEXEXTRACT(A47, ""\((.*)\)"")"),"1.25") -> 1.25 | J47: =IFERROR(__xludf.DUMMYFUNCTION("REGEXEXTRACT(B47, ""\((.*)\)"")"),"8.25") -> 8.25 | K47: =IFERROR(__xludf.DUMMYFUNCTION("REGEXEXTRACT(C47, ""\((.*)\)"")"),"7.75") -> 7.75
A48: USA (1.53) | B48: Draw (5.75) | C48: Germany (5.25) | D48: All Odds | F48: =IFERROR(__xludf.DUMMYFUNCTION("REGEXEXTRACT(A48,""(.*)\s\("")"),"USA") -> USA | G48: =IFERROR(__xludf.DUMMYFUNCTION("REGEXEXTRACT(C48,""(.*)\s\("")"),"Germany") -> Germany | I48: =IFERROR(__xludf.DUMMYFUNCTION("REGEXEXTRACT(A48, ""\((.*)\)"")"),"1.53") -> 1.53 | J48: =IFERROR(__xludf.DUMMYFUNCTION("REGEXEXTRACT(B48, ""\((.*)\)"")"),"5.75") -> 5.75 | K48: =IFERROR(__xludf.DUMMYFUNCTION("REGEXEXTRACT(C48, ""\((.*)\)"")"),"5.25") -> 5.25
A49: Finland (1.45) | B49: Draw (5.5) | C49: Slovakia (5) | D49: All Odds | F49: =IFERROR(__xludf.DUMMYFUNCTION("REGEXEXTRACT(A49,""(.*)\s\("")"),"Finland") -> Finland | G49: =IFERROR(__xludf.DUMMYFUNCTION("REGEXEXTRACT(C49,""(.*)\s\("")"),"Slovakia") -> Slovakia | I49: =IFERROR(__xludf.DUMMYFUNCTION("REGEXEXTRACT(A49, ""\((.*)\)"")"),"1.45") -> 1.45 | J49: =IFERROR(__xludf.DUMMYFUNCTION("REGEXEXTRACT(B49, ""\((.*)\)"")"),"5.5") -> 5.5 | K49: =IFERROR(__xludf.DUMMYFUNCTION("REGEXEXTRACT(C49, ""\((.*)\)"")"),"5") -> 5
A50: Sweden (1.45) | B50: Draw (5.85) | C50: Switzerland (5.65) | D50: All Odds | F50: =IFERROR(__xludf.DUMMYFUNCTION("REGEXEXTRACT(A50,""(.*)\s\("")"),"Sweden") -> Sweden | G50: =IFERROR(__xludf.DUMMYFUNCTION("REGEXEXTRACT(C50,""(.*)\s\("")"),"Switzerland") -> Switzerland | I50: =IFERROR(__xludf.DUMMYFUNCTION("REGEXEXTRACT(A50, ""\((.*)\)"")"),"1.45") -> 1.45 | J50: =IFERROR(__xludf.DUMMYFUNCTION("REGEXEXTRACT(B50, ""\((.*)\)"")"),"5.85") -> 5.85 | K50: =IFERROR(__xludf.DUMMYFUNCTION("REGEXEXTRACT(C50, ""\((.*)\)"")"),"5.65") -> 5.65
A51: France (23) | B51: Draw (12) | C51: Canada (1.07) | D51: All Odds | F51: =IFERROR(__xludf.DUMMYFUNCTION("REGEXEXTRACT(A51,""(.*)\s\("")"),"France") -> France | G51: =IFERROR(__xludf.DUMMYFUNCTION("REGEXEXTRACT(C51,""(.*)\s\("")"),"Canada") -> Canada | I51: =IFERROR(__xludf.DUMMYFUNCTION("REGEXEXTRACT(A51, ""\((.*)\)"")"),"23") -> 23 | J51: =IFERROR(__xludf.DUMMYFUNCTION("REGEXEXTRACT(B51, ""\((.*)\)"")"),"12") -> 12 | K51: =IFERROR(__xludf.DUMMYFUNCTION("REGEXEXTRACT(C51, ""\((.*)\)"")"),"1.07") -> 1.07
A52: Norway (11) | B52: Draw (9) | C52: Russia (1.14) | D52: All Odds | F52: =IFERROR(__xludf.DUMMYFUNCTION("REGEXEXTRACT(A52,""(.*)\s\("")"),"Norway") -> Norway | G52: =IFERROR(__xludf.DUMMYFUNCTION("REGEXEXTRACT(C52,""(.*)\s\("")"),"Russia") -> Russia | I52: =IFERROR(__xludf.DUMMYFUNCTION("REGEXEXTRACT(A52, ""\((.*)\)"")"),"11") -> 11 | J52: =IFERROR(__xludf.DUMMYFUNCTION("REGEXEXTRACT(B52, ""\((.*)\)"")"),"9") -> 9 | K52: =IFERROR(__xludf.DUMMYFUNCTION("REGEXEXTRACT(C52, ""\((.*)\)"")"),"1.14") -> 1.14
A53: Hungary (7) | B53: Draw (7.2) | C53: Germany (1.25) | D53: All Odds | F53: =IFERROR(__xludf.DUMMYFUNCTION("REGEXEXTRACT(A53,""(.*)\s\("")"),"Hungary") -> Hungary | G53: =IFERROR(__xludf.DUMMYFUNCTION("REGEXEXTRACT(C53,""(.*)\s\("")"),"Germany") -> Germany | I53: =IFERROR(__xludf.DUMMYFUNCTION("REGEXEXTRACT(A53, ""\((.*)\)"")"),"7") -> 7 | J53: =IFERROR(__xludf.DUMMYFUNCTION("REGEXEXTRACT(B53, ""\((.*)\)"")"),"7.2") -> 7.2 | K53: =IFERROR(__xludf.DUMMYFUNCTION("REGEXEXTRACT(C53, ""\((.*)\)"")"),"1.25") -> 1.25
A54: Kazakhstan (2.75) | B54: Draw (4.4) | C54: Denmark (2.05) | D54: All Odds | F54: =IFERROR(__xludf.DUMMYFUNCTION("REGEXEXTRACT(A54,""(.*)\s\("")"),"Kazakhstan") -> Kazakhstan | G54: =IFERROR(__xludf.DUMMYFUNCTION("REGEXEXTRACT(C54,""(.*)\s\("")"),"Denmark") -> Denmark | I54: =IFERROR(__xludf.DUMMYFUNCTION("REGEXEXTRACT(A54, ""\((.*)\)"")"),"2.75") -> 2.75 | J54: =IFERROR(__xludf.DUMMYFUNCTION("REGEXEXTRACT(B54, ""\((.*)\)"")"),"4.4") -> 4.4 | K54: =IFERROR(__xludf.DUMMYFUNCTION("REGEXEXTRACT(C54, ""\((.*)\)"")"),"2.05") -> 2.05
A55: Slovakia (3.75) | B55: Draw (4.8) | C55: USA (1.75) | D55: All Odds | F55: =IFERROR(__xludf.DUMMYFUNCTION("REGEXEXTRACT(A55,""(.*)\s\("")"),"Slovakia") -> Slovakia | G55: =IFERROR(__xludf.DUMMYFUNCTION("REGEXEXTRACT(C55,""(.*)\s\("")"),"USA") -> USA | I55: =IFERROR(__xludf.DUMMYFUNCTION("REGEXEXTRACT(A55, ""\((.*)\)"")"),"3.75") -> 3.75 | J55: =IFERROR(__xludf.DUMMYFUNCTION("REGEXEXTRACT(B55, ""\((.*)\)"")"),"4.8") -> 4.8 | K55: =IFERROR(__xludf.DUMMYFUNCTION("REGEXEXTRACT(C55, ""\((.*)\)"")"),"1.75") -> 1.75
A56: Switzerland (5) | B56: Draw (5.5) | C56: Czech Republic (1.5) | D56: All Odds | F56: =IFERROR(__xludf.DUMMYFUNCTION("REGEXEXTRACT(A56,""(.*)\s\("")"),"Switzerland") -> Switzerland | G56: =IFERROR(__xludf.DUMMYFUNCTION("REGEXEXTRACT(C56,""(.*)\s\("")"),"Czech Republic") -> Czech Republic | I56: =IFERROR(__xludf.DUMMYFUNCTION("REGEXEXTRACT(A56, ""\((.*)\)"")"),"5") -> 5 | J56: =IFERROR(__xludf.DUMMYFUNCTION("REGEXEXTRACT(B56, ""\((.*)\)"")"),"5.5") -> 5.5 | K56: =IFERROR(__xludf.DUMMYFUNCTION("REGEXEXTRACT(C56, ""\((.*)\)"")"),"1.5") -> 1.5
A57: France (3.2) | B57: Draw (4.33) | C57: Belarus (1.85) | D57: All Odds | F57: =IFERROR(__xludf.DUMMYFUNCTION("REGEXEXTRACT(A57,""(.*)\s\("")"),"France") -> France | G57: =IFERROR(__xludf.DUMMYFUNCTION("REGEXEXTRACT(C57,""(.*)\s\("")"),"Belarus") -> Belarus | I57: =IFERROR(__xludf.DUMMYFUNCTION("REGEXEXTRACT(A57, ""\((.*)\)"")"),"3.2") -> 3.2 | J57: =IFERROR(__xludf.DUMMYFUNCTION("REGEXEXTRACT(B57, ""\((.*)\)"")"),"4.33") -> 4.33 | K57: =IFERROR(__xludf.DUMMYFUNCTION("REGEXEXTRACT(C57, ""\((.*)\)"")"),"1.85") -> 1.85
A58: Norway (2) | B58: Draw (4.3) | C58: Latvia (2.9) | D58: All Odds | F58: =IFERROR(__xludf.DUMMYFUNCTION("REGEXEXTRACT(A58,""(.*)\s\("")"),"Norway") -> Norway | G58: =IFERROR(__xludf.DUMMYFUNCTION("REGEXEXTRACT(C58,""(.*)\s\("")"),"Latvia") -> Latvia | I58: =IFERROR(__xludf.DUMMYFUNCTION("REGEXEXTRACT(A58, ""\((.*)\)"")"),"2") -> 2 | J58: =IFERROR(__xludf.DUMMYFUNCTION("REGEXEXTRACT(B58, ""\((.*)\)"")"),"4.3") -> 4.3 | K58: =IFERROR(__xludf.DUMMYFUNCTION("REGEXEXTRACT(C58, ""\((.*)\)"")"),"2.9") -> 2.9
A59: Finland (3.6) | B59: Draw (4.6) | C59: Canada (1.9) | D59: All Odds | F59: =IFERROR(__xludf.DUMMYFUNCTION("REGEXEXTRACT(A59,""(.*)\s\("")"),"Finland") -> Finland | G59: =IFERROR(__xludf.DUMMYFUNCTION("REGEXEXTRACT(C59,""(.*)\s\("")"),"Canada") -> Canada | I59: =IFERROR(__xludf.DUMMYFUNCTION("REGEXEXTRACT(A59, ""\((.*)\)"")"),"3.6") -> 3.6 | J59: =IFERROR(__xludf.DUMMYFUNCTION("REGEXEXTRACT(B59, ""\((.*)\)"")"),"4.6") -> 4.6 | K59: =IFERROR(__xludf.DUMMYFUNCTION("REGEXEXTRACT(C59, ""\((.*)\)"")"),"1.9") -> 1.9
A60: Sweden (3.2) | B60: Draw (4.4) | C60: Russia (1.87) | F60: =IFERROR(__xludf.DUMMYFUNCTION("REGEXEXTRACT(A60,""(.*)\s\("")"),"Sweden") -> Sweden | G60: =IFERROR(__xludf.DUMMYFUNCTION("REGEXEXTRACT(C60,""(.*)\s\("")"),"Russia") -> Russia | I60: =IFERROR(__xludf.DUMMYFUNCTION("REGEXEXTRACT(A60, ""\((.*)\)"")"),"3.2") -> 3.2 | J60: =IFERROR(__xludf.DUMMYFUNCTION("REGEXEXTRACT(B60, ""\((.*)\)"")"),"4.4") -> 4.4 | K60: =IFERROR(__xludf.DUMMYFUNCTION("REGEXEXTRACT(C60, ""\((.*)\)"")"),"1.87") -> 1.87

Sheet temp2
A2: 4 May 2018 | C2: 4 May 2018
A3: Russia | B3: France | C3: United States | D3: Canada
A4: Sweden | B4: Belarus | C4: Germany | D4: Denmark
A5: 5 May 2018 | C5: 5 May 2018
A6: Switzerland | B6: Austria | C6: Norway | D6: Latvia
A7: France | B7: Belarus | C7: Finland | D7: South Korea
A8: Czech Republic | B8: Slovakia | C8: Denmark | D8: United States
A9: 6 May 2018 | C9: 6 May 2018
A10: Austria | B10: Russia | C10: South Korea | D10: Canada
A11: Sweden | B11: Czech Republic | C11: Germany | D11: Norway
A12: Slovakia | B12: Switzerland | C12: Latvia | D12: Finland
A13: 7 May 2018 | C13: 7 May 2018
A14: Belarus | B14: Russia | C14: United States | D14: Germany
A15: Sweden | B15: France | C15: Canada | D15: Denmark
A16: 8 May 2018 | C16: 8 May 2018
A17: Austria | B17: Slovakia | C17: South Korea | D17: Latvia
A18: Czech Republic | B18: Switzerland | C18: Finland | D18: Norway
A19: 9 May 2018 | C19: 9 May 2018
A20: Switzerland | B20: Belarus | C20: Germany | D20: South Korea
A21: Sweden | B21: Austria | C21: Finland | D21: Denmark
A22: 10 May 2018 | C22: 10 May 2018
A23: Slovakia | B23: France | C23: United States | D23: Latvia
A24: Czech Republic | B24: Russia | C24: Norway | D24: Canada
A25: 11 May 2018 | C25: 11 May 2018
A26: France | B26: Austria | C26: Denmark | D26: Norway
A27: Belarus | B27: Czech Republic | C27: United States | D27: South Korea
A28: 12 May 2018 | C28: 12 May 2018
A29: Slovakia | B29: Sweden | C29: Latvia | D29: Germany
A30: Austria | B30: Belarus | C30: Denmark | D30: South Korea
A31: Russia | B31: Switzerland | C31: Canada | D31: Finland
A32: 13 May 2018 | C32: 13 May 2018
A33: France | B33: Czech Republic | C33: Norway | D33: United States
A34: Switzerland | B34: Sweden | C34: Germany | D34: Finland
A35: 14 May 2018 | C35: 14 May 2018
A36: Russia | B36: Slovakia | C36: South Korea | D36: Norway
A37: Czech Republic | B37: Austria | C37: Canada | D37: Latvia
A38: 15 May 2018 | C38: 15 May 2018
A39: Switzerland | B39: France | C39: Finland | D39: United States
A40: Belarus | B40: Slovakia | C40: Canada | D40: Germany
A41: Russia | B41: Sweden | C41: Latvia | D41: Denmark
